Timestamp,NodeID,Status,ObjectType,Lane,DurationSeconds,Proximity,Snapshot
2026-09-04 20:20:44,POLE_04,DANGER,STALLED CAR,LANE_1,2.52,MEDIUM,incident_1788553244_STALLED_CAR.jpg
2026-09-04 20:28:17,POLE_04,DANGER,STALLED CAR,LANE_1,2.52,MEDIUM,incident_1788553697_STALLED_CAR.jpg
2026-09-04 20:28:20,POLE_04,DANGER,STALLED CAR,LANE_1,4.8,MEDIUM,incident_1788553700_STALLED_CAR.jpg
2026-09-04 20:28:23,POLE_04,DANGER,STALLED CAR,LANE_1,7.0,MEDIUM,incident_1788553703_STALLED_CAR.jpg
2026-09-04 20:28:27,POLE_04,DANGER,STALLED CAR,LANE_1,9.36,MEDIUM,incident_1788553707_STALLED_CAR.jpg
2026-09-04 20:28:35,POLE_04,DANGER,STALLED CAR,LANE_1,2.52,MEDIUM,incident_1788553715_STALLED_CAR.jpg
2026-09-04 20:28:38,POLE_04,DANGER,STALLED CAR,LANE_1,4.6,MEDIUM,incident_1788553718_STALLED_CAR.jpg
2026-09-04 20:28:41,POLE_04,DANGER,STALLED CAR,LANE_1,6.96,MEDIUM,incident_1788553721_STALLED_CAR.jpg
2026-09-04 20:28:44,POLE_04,DANGER,STALLED CAR,LANE_1,9.36,MEDIUM,incident_1788553724_STALLED_CAR.jpg
2026-09-04 20:28:52,POLE_04,DANGER,STALLED CAR,LANE_1,2.52,MEDIUM,incident_1788553732_STALLED_CAR.jpg
2026-09-04 20:28:55,POLE_04,DANGER,STALLED CAR,LANE_1,5.04,MEDIUM,incident_1788553735_STALLED_CAR.jpg
2026-09-04 20:28:58,POLE_04,DANGER,STALLED CAR,LANE_1,7.16,MEDIUM,incident_1788553738_STALLED_CAR.jpg
2026-09-04 20:29:01,POLE_04,DANGER,STALLED CAR,LANE_1,9.36,MEDIUM,incident_1788553741_STALLED_CAR.jpg
2026-09-04 20:29:08,POLE_04,DANGER,STALLED CAR,LANE_1,2.52,MEDIUM,incident_1788553748_STALLED_CAR.jpg
2026-09-04 20:29:11,POLE_04,DANGER,STALLED CAR,LANE_1,4.76,MEDIUM,incident_1788553751_STALLED_CAR.jpg
2026-09-04 20:29:14,POLE_04,DANGER,STALLED CAR,LANE_1,7.16,MEDIUM,incident_1788553754_STALLED_CAR.jpg
2026-09-04 20:29:17,POLE_04,DANGER,STALLED CAR,LANE_1,9.72,MEDIUM,incident_1788553757_STALLED_CAR.jpg
2026-09-04 20:29:24,POLE_04,DANGER,STALLED CAR,LANE_1,2.52,MEDIUM,incident_1788553764_STALLED_CAR.jpg
2026-09-04 20:29:27,POLE_04,DANGER,STALLED CAR,LANE_1,4.88,MEDIUM,incident_1788553767_STALLED_CAR.jpg
2026-09-04 20:29:30,POLE_04,DANGER,STALLED CAR,LANE_1,7.16,MEDIUM,incident_1788553770_STALLED_CAR.jpg
2026-09-04 20:29:33,POLE_04,DANGER,STALLED CAR,LANE_1,9.6,MEDIUM,incident_1788553773_STALLED_CAR.jpg
2026-09-04 20:34:04,POLE_04,DANGER,STALLED CAR,LANE_1,2.52,MEDIUM,incident_1788554044_STALLED_CAR.jpg
2026-09-04 20:34:07,POLE_04,DANGER,STALLED CAR,LANE_1,5.04,MEDIUM,incident_1788554047_STALLED_CAR.jpg
2026-09-04 20:34:10,POLE_04,DANGER,STALLED CAR,LANE_1,7.2,MEDIUM,incident_1788554050_STALLED_CAR.jpg
2026-09-04 20:40:45,ESP32-CAM-01,DANGER,STALLED CAR,LANE_1,2.5,CLOSE,incident_1788554445_STALLED_CAR.jpg
2026-09-04 20:40:49,ESP32-CAM-01,DANGER,STALLED CAR,LANE_1,2.5,CLOSE,incident_1788554449_STALLED_CAR.jpg
2026-09-04 20:40:52,ESP32-CAM-01,DANGER,STALLED CAR,LANE_1,4.57,CLOSE,incident_1788554452_STALLED_CAR.jpg
2026-09-04 20:40:56,ESP32-CAM-01,DANGER,STALLED CAR,LANE_1,6.8,CLOSE,incident_1788554456_STALLED_CAR.jpg
2026-09-04 20:40:59,ESP32-CAM-01,DANGER,STALLED CAR,LANE_1,9.03,CLOSE,incident_1788554459_STALLED_CAR.jpg
2026-09-04 20:41:02,ESP32-CAM-01,DANGER,STALLED CAR,LANE_1,11.03,CLOSE,incident_1788554462_STALLED_CAR.jpg
2026-09-04 20:41:05,ESP32-CAM-01,DANGER,STALLED CAR,LANE_1,13.03,CLOSE,incident_1788554465_STALLED_CAR.jpg
2026-09-04 20:41:08,ESP32-CAM-01,DANGER,STALLED CAR,LANE_1,15.2,CLOSE,incident_1788554468_STALLED_CAR.jpg
2026-09-04 20:41:11,ESP32-CAM-01,DANGER,STALLED CAR,LANE_1,17.33,CLOSE,incident_1788554471_STALLED_CAR.jpg
2026-09-04 20:41:14,ESP32-CAM-01,DANGER,STALLED CAR,LANE_1,19.5,CLOSE,incident_1788554474_STALLED_CAR.jpg
2026-09-04 20:41:17,ESP32-CAM-01,DANGER,STALLED CAR,LANE_1,21.5,CLOSE,incident_1788554477_STALLED_CAR.jpg
2026-09-04 20:41:20,ESP32-CAM-01,DANGER,STALLED CAR,LANE_1,23.6,CLOSE,incident_1788554480_STALLED_CAR.jpg
2026-09-04 20:41:23,ESP32-CAM-01,DANGER,STALLED CAR,LANE_1,25.57,CLOSE,incident_1788554483_STALLED_CAR.jpg
2026-09-04 20:41:29,ESP32-CAM-01,DANGER,STALLED CAR,LANE_1,2.6,CLOSE,incident_1788554489_STALLED_CAR.jpg
2026-09-04 20:41:33,ESP32-CAM-01,DANGER,STALLED CAR,LANE_1,4.67,CLOSE,incident_1788554493_STALLED_CAR.jpg
2026-09-04 20:41:36,ESP32-CAM-01,DANGER,STALLED CAR,LANE_1,6.8,CLOSE,incident_1788554496_STALLED_CAR.jpg
2026-09-04 20:41:39,ESP32-CAM-01,DANGER,STALLED CAR,LANE_1,8.83,CLOSE,incident_1788554499_STALLED_CAR.jpg
2026-09-04 20:41:42,ESP32-CAM-01,DANGER,STALLED CAR,LANE_1,10.77,CLOSE,incident_1788554502_STALLED_CAR.jpg
2026-09-04 20:41:45,ESP32-CAM-01,DANGER,STALLED CAR,LANE_1,12.83,CLOSE,incident_1788554505_STALLED_CAR.jpg
2026-09-04 20:41:48,ESP32-CAM-01,DANGER,STALLED CAR,LANE_1,14.9,CLOSE,incident_1788554508_STALLED_CAR.jpg
2026-09-04 20:41:51,ESP32-CAM-01,DANGER,STALLED CAR,LANE_1,16.93,CLOSE,incident_1788554511_STALLED_CAR.jpg
2026-09-04 20:41:54,ESP32-CAM-01,DANGER,STALLED CAR,LANE_1,18.9,CLOSE,incident_1788554514_STALLED_CAR.jpg
2026-09-04 20:41:57,ESP32-CAM-01,DANGER,STALLED CAR,LANE_1,21.03,CLOSE,incident_1788554517_STALLED_CAR.jpg
2026-09-04 20:42:00,ESP32-CAM-01,DANGER,STALLED CAR,LANE_1,23.17,CLOSE,incident_1788554520_STALLED_CAR.jpg
2026-09-04 20:42:06,ESP32-CAM-01,DANGER,STALLED CAR,LANE_1,2.8,CLOSE,incident_1788554526_STALLED_CAR.jpg
2026-09-04 20:42:09,ESP32-CAM-01,DANGER,STALLED CAR,LANE_1,5.0,CLOSE,incident_1788554529_STALLED_CAR.jpg
2026-09-04 20:42:12,ESP32-CAM-01,DANGER,STALLED CAR,LANE_1,7.33,CLOSE,incident_1788554532_STALLED_CAR.jpg
2026-09-04 20:48:06,ESP32-CAM-01,DANGER,STALLED CAR,LANE_1,2.5,CLOSE,incident_1788554886_STALLED_CAR.jpg
2026-09-04 20:48:11,ESP32-CAM-01,DANGER,STALLED CAR,LANE_1,2.53,CLOSE,incident_1788554891_STALLED_CAR.jpg
2026-09-04 20:48:14,ESP32-CAM-01,DANGER,STALLED CAR,LANE_1,4.9,CLOSE,incident_1788554894_STALLED_CAR.jpg
2026-09-04 20:48:18,ESP32-CAM-01,DANGER,STALLED CAR,LANE_1,7.53,CLOSE,incident_1788554898_STALLED_CAR.jpg
2026-09-04 20:48:21,ESP32-CAM-01,DANGER,STALLED CAR,LANE_1,9.9,CLOSE,incident_1788554901_STALLED_CAR.jpg
2026-09-04 20:48:24,ESP32-CAM-01,DANGER,STALLED CAR,LANE_1,12.07,CLOSE,incident_1788554904_STALLED_CAR.jpg
2026-09-04 20:48:28,ESP32-CAM-01,DANGER,STALLED CAR,LANE_1,14.8,CLOSE,incident_1788554908_STALLED_CAR.jpg
2026-09-04 20:48:31,ESP32-CAM-01,DANGER,STALLED CAR,LANE_1,17.1,CLOSE,incident_1788554911_STALLED_CAR.jpg
2026-09-04 20:48:35,ESP32-CAM-01,DANGER,STALLED CAR,LANE_1,2.5,CLOSE,incident_1788554915_STALLED_CAR.jpg
2026-09-04 20:48:42,ESP32-CAM-01,DANGER,STALLED CAR,LANE_1,2.5,CLOSE,incident_1788554922_STALLED_CAR.jpg
2026-09-04 20:48:45,ESP32-CAM-01,DANGER,STALLED CAR,LANE_1,4.53,CLOSE,incident_1788554925_STALLED_CAR.jpg
2026-09-04 20:48:48,ESP32-CAM-01,DANGER,STALLED CAR,LANE_1,6.6,CLOSE,incident_1788554928_STALLED_CAR.jpg
2026-09-04 20:48:51,ESP32-CAM-01,DANGER,STALLED CAR,LANE_1,8.63,CLOSE,incident_1788554931_STALLED_CAR.jpg
2026-09-04 20:48:54,ESP32-CAM-01,DANGER,STALLED CAR,LANE_1,10.67,CLOSE,incident_1788554934_STALLED_CAR.jpg
2026-09-04 20:48:59,ESP32-CAM-01,DANGER,STALLED CAR,LANE_1,2.53,CLOSE,incident_1788554939_STALLED_CAR.jpg
2026-09-04 20:49:02,ESP32-CAM-01,DANGER,STALLED CAR,LANE_1,4.33,CLOSE,incident_1788554942_STALLED_CAR.jpg
2026-09-04 20:49:05,ESP32-CAM-01,DANGER,STALLED CAR,LANE_1,6.47,CLOSE,incident_1788554945_STALLED_CAR.jpg
2026-09-04 20:49:08,ESP32-CAM-01,DANGER,STALLED CAR,LANE_1,8.53,CLOSE,incident_1788554948_STALLED_CAR.jpg
2026-09-04 20:49:14,ESP32-CAM-01,DANGER,STALLED CAR,LANE_1,2.5,CLOSE,incident_1788554954_STALLED_CAR.jpg
2026-09-04 20:49:17,ESP32-CAM-01,DANGER,STALLED CAR,LANE_1,4.77,CLOSE,incident_1788554957_STALLED_CAR.jpg
2026-09-04 20:49:26,ESP32-CAM-01,DANGER,STALLED CAR,LANE_1,3.5,CLOSE,incident_1788554966_STALLED_CAR.jpg
2026-09-04 20:49:33,ESP32-CAM-01,DANGER,STALLED CAR,LANE_1,2.53,CLOSE,incident_1788554973_STALLED_CAR.jpg
2026-09-04 20:49:36,ESP32-CAM-01,DANGER,STALLED CAR,LANE_1,4.73,CLOSE,incident_1788554976_STALLED_CAR.jpg
2026-09-04 20:49:40,ESP32-CAM-01,DANGER,STALLED CAR,LANE_1,7.03,CLOSE,incident_1788554980_STALLED_CAR.jpg
2026-09-04 20:49:45,ESP32-CAM-01,DANGER,STALLED CAR,LANE_1,2.5,CLOSE,incident_1788554985_STALLED_CAR.jpg
2026-09-04 20:49:48,ESP32-CAM-01,DANGER,STALLED CAR,LANE_1,4.43,CLOSE,incident_1788554988_STALLED_CAR.jpg
2026-09-04 20:49:51,ESP32-CAM-01,DANGER,STALLED CAR,LANE_1,6.43,CLOSE,incident_1788554991_STALLED_CAR.jpg
2026-09-04 20:49:54,ESP32-CAM-01,DANGER,STALLED CAR,LANE_1,8.33,CLOSE,incident_1788554994_STALLED_CAR.jpg
2026-09-04 20:49:58,ESP32-CAM-01,DANGER,STALLED CAR,LANE_1,2.57,CLOSE,incident_1788554998_STALLED_CAR.jpg
2026-09-04 20:50:01,ESP32-CAM-01,DANGER,STALLED CAR,LANE_1,4.83,CLOSE,incident_1788555001_STALLED_CAR.jpg
2026-09-04 20:50:04,ESP32-CAM-01,DANGER,STALLED CAR,LANE_1,7.2,CLOSE,incident_1788555004_STALLED_CAR.jpg
2026-09-04 20:50:07,ESP32-CAM-01,DANGER,STALLED CAR,LANE_1,5.5,CLOSE,incident_1788555007_STALLED_CAR.jpg
2026-09-04 20:50:10,ESP32-CAM-01,DANGER,STALLED CAR,LANE_1,7.83,CLOSE,incident_1788555010_STALLED_CAR.jpg
2026-09-04 20:50:13,ESP32-CAM-01,DANGER,STALLED CAR,LANE_1,10.13,CLOSE,incident_1788555013_STALLED_CAR.jpg
2026-09-04 20:50:16,ESP32-CAM-01,DANGER,STALLED CAR,LANE_1,12.47,CLOSE,incident_1788555016_STALLED_CAR.jpg
2026-09-04 20:50:19,ESP32-CAM-01,DANGER,STALLED CAR,LANE_1,14.83,CLOSE,incident_1788555019_STALLED_CAR.jpg
2026-09-04 20:50:22,ESP32-CAM-01,DANGER,STALLED CAR,LANE_1,17.2,CLOSE,incident_1788555022_STALLED_CAR.jpg
2026-09-04 20:50:25,ESP32-CAM-01,DANGER,STALLED CAR,LANE_1,19.53,CLOSE,incident_1788555025_STALLED_CAR.jpg
2026-09-04 20:50:28,ESP32-CAM-01,DANGER,STALLED CAR,LANE_1,21.93,CLOSE,incident_1788555028_STALLED_CAR.jpg
2026-09-04 20:50:31,ESP32-CAM-01,DANGER,STALLED CAR,LANE_1,24.27,CLOSE,incident_1788555031_STALLED_CAR.jpg
2026-09-04 20:50:34,ESP32-CAM-01,DANGER,STALLED CAR,LANE_1,26.6,CLOSE,incident_1788555034_STALLED_CAR.jpg
2026-09-04 20:50:40,ESP32-CAM-01,DANGER,STALLED CAR,LANE_1,2.5,CLOSE,incident_1788555040_STALLED_CAR.jpg
2026-09-04 20:50:43,ESP32-CAM-01,DANGER,STALLED CAR,LANE_1,4.8,CLOSE,incident_1788555043_STALLED_CAR.jpg
2026-09-04 20:50:47,ESP32-CAM-01,DANGER,STALLED CAR,LANE_1,7.17,CLOSE,incident_1788555047_STALLED_CAR.jpg
2026-09-04 20:50:51,ESP32-CAM-01,DANGER,STALLED CAR,LANE_1,2.73,CLOSE,incident_1788555051_STALLED_CAR.jpg
2026-09-04 20:50:59,ESP32-CAM-01,DANGER,STALLED CAR,LANE_1,2.5,CLOSE,incident_1788555059_STALLED_CAR.jpg
2026-09-04 20:51:05,ESP32-CAM-01,DANGER,STALLED CAR,LANE_1,2.9,CLOSE,incident_1788555065_STALLED_CAR.jpg
2026-09-04 20:51:09,ESP32-CAM-01,DANGER,STALLED CAR,LANE_1,7.77,CLOSE,incident_1788555069_STALLED_CAR.jpg
2026-09-04 20:51:12,ESP32-CAM-01,DANGER,STALLED CAR,LANE_1,4.4,CLOSE,incident_1788555072_STALLED_CAR.jpg
2026-09-04 20:51:15,ESP32-CAM-01,DANGER,STALLED CAR,LANE_1,6.7,CLOSE,incident_1788555075_STALLED_CAR.jpg
2026-09-04 20:51:18,ESP32-CAM-01,DANGER,STALLED CAR,LANE_1,8.93,CLOSE,incident_1788555078_STALLED_CAR.jpg
2026-09-04 20:51:21,ESP32-CAM-01,DANGER,STALLED CAR,LANE_1,11.23,CLOSE,incident_1788555081_STALLED_CAR.jpg
2026-09-04 20:51:24,ESP32-CAM-01,DANGER,STALLED CAR,LANE_1,13.63,CLOSE,incident_1788555084_STALLED_CAR.jpg
2026-09-04 20:51:27,ESP32-CAM-01,DANGER,STALLED CAR,LANE_1,15.9,CLOSE,incident_1788555087_STALLED_CAR.jpg
2026-09-04 20:51:32,ESP32-CAM-01,DANGER,STALLED CAR,LANE_1,2.5,CLOSE,incident_1788555092_STALLED_CAR.jpg
2026-09-04 20:51:35,ESP32-CAM-01,DANGER,STALLED CAR,LANE_1,4.7,CLOSE,incident_1788555095_STALLED_CAR.jpg
2026-09-04 20:51:45,ESP32-CAM-01,DANGER,STALLED CAR,LANE_1,2.5,CLOSE,incident_1788555105_STALLED_CAR.jpg
2026-09-04 20:51:48,ESP32-CAM-01,DANGER,STALLED CAR,LANE_1,4.8,CLOSE,incident_1788555108_STALLED_CAR.jpg
2026-09-04 20:51:51,ESP32-CAM-01,DANGER,STALLED CAR,LANE_1,5.07,CLOSE,incident_1788555111_STALLED_CAR.jpg
2026-09-04 20:51:54,ESP32-CAM-01,DANGER,STALLED CAR,LANE_1,7.37,CLOSE,incident_1788555114_STALLED_CAR.jpg
2026-09-04 20:51:57,ESP32-CAM-01,DANGER,STALLED CAR,LANE_1,9.67,CLOSE,incident_1788555117_STALLED_CAR.jpg
2026-09-04 20:52:00,ESP32-CAM-01,DANGER,STALLED CAR,LANE_1,11.97,CLOSE,incident_1788555120_STALLED_CAR.jpg
2026-09-04 20:52:06,ESP32-CAM-01,DANGER,STALLED CAR,LANE_1,2.5,CLOSE,incident_1788555126_STALLED_CAR.jpg
2026-09-04 20:52:10,ESP32-CAM-01,DANGER,STALLED CAR,LANE_1,6.83,CLOSE,incident_1788555130_STALLED_CAR.jpg
2026-09-04 20:52:13,ESP32-CAM-01,DANGER,STALLED CAR,LANE_1,2.5,CLOSE,incident_1788555133_STALLED_CAR.jpg
2026-09-04 20:52:16,ESP32-CAM-01,DANGER,STALLED CAR,LANE_1,4.83,CLOSE,incident_1788555136_STALLED_CAR.jpg
2026-09-04 20:52:19,ESP32-CAM-01,DANGER,STALLED CAR,LANE_1,7.23,CLOSE,incident_1788555139_STALLED_CAR.jpg
2026-09-04 20:52:22,ESP32-CAM-01,DANGER,STALLED CAR,LANE_1,9.57,CLOSE,incident_1788555142_STALLED_CAR.jpg
2026-09-04 20:52:25,ESP32-CAM-01,DANGER,STALLED CAR,LANE_1,11.87,CLOSE,incident_1788555145_STALLED_CAR.jpg
2026-09-04 20:52:31,ESP32-CAM-01,DANGER,STALLED CAR,LANE_1,2.5,CLOSE,incident_1788555151_STALLED_CAR.jpg
2026-09-04 20:52:34,ESP32-CAM-01,DANGER,STALLED CAR,LANE_1,4.8,CLOSE,incident_1788555154_STALLED_CAR.jpg
2026-09-04 20:52:39,ESP32-CAM-01,DANGER,STALLED CAR,LANE_1,2.9,CLOSE,incident_1788555159_STALLED_CAR.jpg
2026-09-04 20:52:42,ESP32-CAM-01,DANGER,STALLED CAR,LANE_1,2.5,CLOSE,incident_1788555162_STALLED_CAR.jpg
2026-09-04 20:52:45,ESP32-CAM-01,DANGER,STALLED CAR,LANE_1,4.83,CLOSE,incident_1788555165_STALLED_CAR.jpg
2026-09-04 20:52:48,ESP32-CAM-01,DANGER,STALLED CAR,LANE_1,7.13,CLOSE,incident_1788555168_STALLED_CAR.jpg
2026-09-04 20:52:51,ESP32-CAM-01,DANGER,STALLED CAR,LANE_1,9.43,CLOSE,incident_1788555171_STALLED_CAR.jpg
2026-09-04 20:52:54,ESP32-CAM-01,DANGER,STALLED CAR,LANE_1,11.7,CLOSE,incident_1788555174_STALLED_CAR.jpg
2026-09-04 20:52:57,ESP32-CAM-01,DANGER,STALLED CAR,LANE_1,14.07,CLOSE,incident_1788555177_STALLED_CAR.jpg
2026-09-04 20:53:00,ESP32-CAM-01,DANGER,STALLED CAR,LANE_1,16.47,CLOSE,incident_1788555180_STALLED_CAR.jpg
2026-09-04 20:53:03,ESP32-CAM-01,DANGER,STALLED CAR,LANE_1,18.83,CLOSE,incident_1788555183_STALLED_CAR.jpg
2026-09-04 20:53:06,ESP32-CAM-01,DANGER,STALLED CAR,LANE_1,21.13,CLOSE,incident_1788555186_STALLED_CAR.jpg
2026-09-04 20:53:09,ESP32-CAM-01,DANGER,STALLED CAR,LANE_1,23.5,CLOSE,incident_1788555189_STALLED_CAR.jpg
2026-09-04 20:53:12,ESP32-CAM-01,DANGER,STALLED CAR,LANE_1,25.87,CLOSE,incident_1788555192_STALLED_CAR.jpg
2026-09-04 20:53:15,ESP32-CAM-01,DANGER,STALLED CAR,LANE_1,28.2,CLOSE,incident_1788555195_STALLED_CAR.jpg
2026-09-04 20:53:18,ESP32-CAM-01,DANGER,STALLED CAR,LANE_1,30.5,CLOSE,incident_1788555198_STALLED_CAR.jpg
2026-09-04 20:53:21,ESP32-CAM-01,DANGER,STALLED CAR,LANE_1,32.87,CLOSE,incident_1788555201_STALLED_CAR.jpg
2026-09-04 20:53:24,ESP32-CAM-01,DANGER,STALLED CAR,LANE_1,35.23,CLOSE,incident_1788555204_STALLED_CAR.jpg
2026-09-04 20:53:27,ESP32-CAM-01,DANGER,STALLED CAR,LANE_1,37.57,CLOSE,incident_1788555207_STALLED_CAR.jpg
2026-09-04 20:53:33,ESP32-CAM-01,DANGER,STALLED CAR,LANE_1,2.5,CLOSE,incident_1788555213_STALLED_CAR.jpg
2026-09-04 20:53:36,ESP32-CAM-01,DANGER,STALLED CAR,LANE_1,4.83,CLOSE,incident_1788555216_STALLED_CAR.jpg
2026-09-04 20:53:42,ESP32-CAM-01,DANGER,STALLED CAR,LANE_1,2.5,CLOSE,incident_1788555222_STALLED_CAR.jpg
2026-09-04 20:53:45,ESP32-CAM-01,DANGER,STALLED CAR,LANE_1,4.9,CLOSE,incident_1788555225_STALLED_CAR.jpg
2026-09-04 20:53:48,ESP32-CAM-01,DANGER,STALLED CAR,LANE_1,7.23,CLOSE,incident_1788555228_STALLED_CAR.jpg
2026-09-04 20:53:51,ESP32-CAM-01,DANGER,STALLED CAR,LANE_1,9.6,CLOSE,incident_1788555231_STALLED_CAR.jpg
2026-09-04 20:53:55,ESP32-CAM-01,DANGER,STALLED CAR,LANE_1,2.57,CLOSE,incident_1788555235_STALLED_CAR.jpg
2026-09-04 20:53:58,ESP32-CAM-01,DANGER,STALLED CAR,LANE_1,5.07,CLOSE,incident_1788555238_STALLED_CAR.jpg
2026-09-04 20:54:01,ESP32-CAM-01,DANGER,STALLED CAR,LANE_1,4.3,CLOSE,incident_1788555241_STALLED_CAR.jpg
2026-09-04 20:54:04,ESP32-CAM-01,DANGER,STALLED CAR,LANE_1,6.7,CLOSE,incident_1788555244_STALLED_CAR.jpg
2026-09-04 20:54:07,ESP32-CAM-01,DANGER,STALLED CAR,LANE_1,9.0,CLOSE,incident_1788555247_STALLED_CAR.jpg
2026-09-04 20:54:10,ESP32-CAM-01,DANGER,STALLED CAR,LANE_1,11.43,CLOSE,incident_1788555250_STALLED_CAR.jpg
2026-09-04 20:54:13,ESP32-CAM-01,DANGER,STALLED CAR,LANE_1,13.8,CLOSE,incident_1788555253_STALLED_CAR.jpg
2026-09-04 20:54:16,ESP32-CAM-01,DANGER,STALLED CAR,LANE_1,16.2,CLOSE,incident_1788555256_STALLED_CAR.jpg
2026-09-04 20:54:19,ESP32-CAM-01,DANGER,STALLED CAR,LANE_1,18.57,CLOSE,incident_1788555259_STALLED_CAR.jpg
2026-09-04 20:54:23,ESP32-CAM-01,DANGER,STALLED CAR,LANE_1,20.93,CLOSE,incident_1788555263_STALLED_CAR.jpg
2026-09-04 20:54:26,ESP32-CAM-01,DANGER,STALLED CAR,LANE_1,23.33,CLOSE,incident_1788555266_STALLED_CAR.jpg
2026-09-04 20:54:29,ESP32-CAM-01,DANGER,STALLED CAR,LANE_1,25.73,CLOSE,incident_1788555269_STALLED_CAR.jpg
2026-09-04 20:54:32,ESP32-CAM-01,DANGER,STALLED CAR,LANE_1,28.17,CLOSE,incident_1788555272_STALLED_CAR.jpg
2026-09-04 20:54:35,ESP32-CAM-01,DANGER,STALLED CAR,LANE_1,30.5,CLOSE,incident_1788555275_STALLED_CAR.jpg
2026-09-04 20:54:38,ESP32-CAM-01,DANGER,STALLED CAR,LANE_1,32.9,CLOSE,incident_1788555278_STALLED_CAR.jpg
2026-09-04 20:54:41,ESP32-CAM-01,DANGER,STALLED CAR,LANE_1,35.27,CLOSE,incident_1788555281_STALLED_CAR.jpg
2026-09-04 20:54:45,ESP32-CAM-01,DANGER,STALLED CAR,LANE_1,2.6,CLOSE,incident_1788555285_STALLED_CAR.jpg
2026-09-04 20:54:48,ESP32-CAM-01,DANGER,STALLED CAR,LANE_1,4.93,CLOSE,incident_1788555288_STALLED_CAR.jpg
2026-09-04 20:54:57,ESP32-CAM-01,DANGER,STALLED CAR,LANE_1,2.5,CLOSE,incident_1788555297_STALLED_CAR.jpg
2026-09-04 20:55:00,ESP32-CAM-01,DANGER,STALLED CAR,LANE_1,4.87,CLOSE,incident_1788555300_STALLED_CAR.jpg
2026-09-04 20:55:03,ESP32-CAM-01,DANGER,STALLED CAR,LANE_1,7.27,CLOSE,incident_1788555303_STALLED_CAR.jpg
2026-09-04 20:55:06,ESP32-CAM-01,DANGER,STALLED CAR,LANE_1,9.63,CLOSE,incident_1788555306_STALLED_CAR.jpg
2026-09-04 20:55:09,ESP32-CAM-01,DANGER,STALLED CAR,LANE_1,11.97,CLOSE,incident_1788555309_STALLED_CAR.jpg
2026-09-04 20:55:12,ESP32-CAM-01,DANGER,STALLED CAR,LANE_1,14.33,CLOSE,incident_1788555312_STALLED_CAR.jpg
2026-09-04 20:55:15,ESP32-CAM-01,DANGER,STALLED CAR,LANE_1,16.73,CLOSE,incident_1788555315_STALLED_CAR.jpg
2026-09-04 20:55:18,ESP32-CAM-01,DANGER,STALLED CAR,LANE_1,19.13,CLOSE,incident_1788555318_STALLED_CAR.jpg
2026-09-04 20:55:21,ESP32-CAM-01,DANGER,STALLED CAR,LANE_1,21.43,CLOSE,incident_1788555321_STALLED_CAR.jpg
2026-09-04 20:55:24,ESP32-CAM-01,DANGER,STALLED CAR,LANE_1,23.8,CLOSE,incident_1788555324_STALLED_CAR.jpg
2026-09-04 20:55:27,ESP32-CAM-01,DANGER,STALLED CAR,LANE_1,26.17,CLOSE,incident_1788555327_STALLED_CAR.jpg
2026-09-04 20:57:49,ESP32-CAM-01,DANGER,STALLED CAR,LANE_1,2.63,CLOSE,incident_1788555469_STALLED_CAR.jpg
2026-09-04 20:57:52,ESP32-CAM-01,DANGER,STALLED CAR,LANE_1,5.37,CLOSE,incident_1788555472_STALLED_CAR.jpg
2026-09-04 20:57:55,ESP32-CAM-01,DANGER,STALLED CAR,LANE_1,2.97,CLOSE,incident_1788555475_STALLED_CAR.jpg
2026-09-04 20:57:58,ESP32-CAM-01,DANGER,STALLED CAR,LANE_1,10.7,CLOSE,incident_1788555478_STALLED_CAR.jpg
2026-09-04 20:58:01,ESP32-CAM-01,DANGER,STALLED CAR,LANE_1,13.37,CLOSE,incident_1788555481_STALLED_CAR.jpg
2026-09-04 20:58:04,ESP32-CAM-01,DANGER,STALLED CAR,LANE_1,16.0,CLOSE,incident_1788555484_STALLED_CAR.jpg
2026-09-04 20:58:07,ESP32-CAM-01,DANGER,STALLED CAR,LANE_1,18.57,CLOSE,incident_1788555487_STALLED_CAR.jpg
2026-09-04 20:58:10,ESP32-CAM-01,DANGER,STALLED CAR,LANE_1,21.2,CLOSE,incident_1788555490_STALLED_CAR.jpg
2026-09-04 20:58:13,ESP32-CAM-01,DANGER,STALLED CAR,LANE_1,23.83,CLOSE,incident_1788555493_STALLED_CAR.jpg
2026-09-04 20:58:16,ESP32-CAM-01,DANGER,STALLED CAR,LANE_1,26.4,CLOSE,incident_1788555496_STALLED_CAR.jpg
2026-09-04 20:58:19,ESP32-CAM-01,DANGER,STALLED CAR,LANE_1,29.0,CLOSE,incident_1788555499_STALLED_CAR.jpg
2026-09-04 20:58:22,ESP32-CAM-01,DANGER,STALLED CAR,LANE_1,31.57,CLOSE,incident_1788555502_STALLED_CAR.jpg
2026-09-04 20:58:25,ESP32-CAM-01,DANGER,STALLED CAR,LANE_1,34.17,CLOSE,incident_1788555505_STALLED_CAR.jpg
2026-09-04 20:58:28,ESP32-CAM-01,DANGER,STALLED CAR,LANE_1,23.13,CLOSE,incident_1788555508_STALLED_CAR.jpg
2026-09-04 20:58:32,ESP32-CAM-01,DANGER,STALLED CAR,LANE_1,2.5,CLOSE,incident_1788555512_STALLED_CAR.jpg
2026-09-04 20:58:35,ESP32-CAM-01,DANGER,STALLED CAR,LANE_1,4.93,CLOSE,incident_1788555515_STALLED_CAR.jpg
2026-09-04 20:58:38,ESP32-CAM-01,DANGER,STALLED CAR,LANE_1,7.17,CLOSE,incident_1788555518_STALLED_CAR.jpg
2026-09-04 20:58:41,ESP32-CAM-01,DANGER,STALLED CAR,LANE_1,9.43,CLOSE,incident_1788555521_STALLED_CAR.jpg
2026-09-04 20:58:44,ESP32-CAM-01,DANGER,STALLED CAR,LANE_1,11.8,CLOSE,incident_1788555524_STALLED_CAR.jpg
2026-09-04 20:58:47,ESP32-CAM-01,DANGER,STALLED CAR,LANE_1,14.0,CLOSE,incident_1788555527_STALLED_CAR.jpg
2026-09-04 20:58:50,ESP32-CAM-01,DANGER,STALLED CAR,LANE_1,16.13,CLOSE,incident_1788555530_STALLED_CAR.jpg
2026-09-04 20:58:53,ESP32-CAM-01,DANGER,STALLED CAR,LANE_1,18.33,CLOSE,incident_1788555533_STALLED_CAR.jpg
2026-09-04 20:58:56,ESP32-CAM-01,DANGER,STALLED CAR,LANE_1,20.67,CLOSE,incident_1788555536_STALLED_CAR.jpg
2026-09-04 20:58:59,ESP32-CAM-01,DANGER,STALLED CAR,LANE_1,22.73,CLOSE,incident_1788555539_STALLED_CAR.jpg
2026-09-04 20:59:02,ESP32-CAM-01,DANGER,STALLED CAR,LANE_1,24.93,CLOSE,incident_1788555542_STALLED_CAR.jpg
2026-09-04 20:59:05,ESP32-CAM-01,DANGER,STALLED CAR,LANE_1,27.07,CLOSE,incident_1788555545_STALLED_CAR.jpg
2026-09-04 20:59:08,ESP32-CAM-01,DANGER,STALLED CAR,LANE_1,29.2,CLOSE,incident_1788555548_STALLED_CAR.jpg
2026-09-04 20:59:11,ESP32-CAM-01,DANGER,STALLED CAR,LANE_1,31.43,CLOSE,incident_1788555551_STALLED_CAR.jpg
2026-09-04 20:59:22,ESP32-CAM-01,DANGER,STALLED CAR,LANE_1,2.5,CLOSE,incident_1788555562_STALLED_CAR.jpg
2026-09-04 20:59:28,ESP32-CAM-01,DANGER,STALLED CAR,LANE_1,3.13,CLOSE,incident_1788555568_STALLED_CAR.jpg
2026-09-04 20:59:31,ESP32-CAM-01,DANGER,STALLED CAR,LANE_1,6.03,CLOSE,incident_1788555571_STALLED_CAR.jpg
2026-09-04 20:59:36,ESP32-CAM-01,DANGER,STALLED CAR,LANE_1,9.77,CLOSE,incident_1788555576_STALLED_CAR.jpg
2026-09-04 20:59:40,ESP32-CAM-01,DANGER,STALLED CAR,LANE_1,12.63,CLOSE,incident_1788555580_STALLED_CAR.jpg
2026-09-04 20:59:44,ESP32-CAM-01,DANGER,STALLED CAR,LANE_1,16.0,CLOSE,incident_1788555584_STALLED_CAR.jpg
2026-09-04 20:59:51,ESP32-CAM-01,DANGER,STALLED CAR,LANE_1,2.6,CLOSE,incident_1788555591_STALLED_CAR.jpg
2026-09-04 20:59:59,ESP32-CAM-01,DANGER,STALLED CAR,LANE_1,3.13,CLOSE,incident_1788555599_STALLED_CAR.jpg
2026-09-04 21:00:03,ESP32-CAM-01,DANGER,STALLED CAR,LANE_1,5.93,CLOSE,incident_1788555603_STALLED_CAR.jpg
2026-09-04 21:00:07,ESP32-CAM-01,DANGER,STALLED CAR,LANE_1,2.97,CLOSE,incident_1788555607_STALLED_CAR.jpg
2026-09-04 21:00:12,ESP32-CAM-01,DANGER,STALLED CAR,LANE_1,2.5,CLOSE,incident_1788555612_STALLED_CAR.jpg
2026-09-04 21:00:17,ESP32-CAM-01,DANGER,STALLED CAR,LANE_1,2.53,CLOSE,incident_1788555617_STALLED_CAR.jpg
2026-09-04 21:00:20,ESP32-CAM-01,DANGER,STALLED CAR,LANE_1,4.83,CLOSE,incident_1788555620_STALLED_CAR.jpg
2026-09-04 21:00:26,ESP32-CAM-01,DANGER,STALLED CAR,LANE_1,2.5,CLOSE,incident_1788555626_STALLED_CAR.jpg
2026-09-04 21:00:29,ESP32-CAM-01,DANGER,STALLED CAR,LANE_1,4.57,CLOSE,incident_1788555629_STALLED_CAR.jpg
2026-09-04 21:00:32,ESP32-CAM-01,DANGER,STALLED CAR,LANE_1,6.93,CLOSE,incident_1788555632_STALLED_CAR.jpg
2026-09-04 21:00:35,ESP32-CAM-01,DANGER,STALLED CAR,LANE_1,9.2,CLOSE,incident_1788555635_STALLED_CAR.jpg
2026-09-04 21:00:38,ESP32-CAM-01,DANGER,STALLED CAR,LANE_1,11.47,CLOSE,incident_1788555638_STALLED_CAR.jpg
2026-09-04 21:00:41,ESP32-CAM-01,DANGER,STALLED CAR,LANE_1,13.73,CLOSE,incident_1788555641_STALLED_CAR.jpg
2026-09-04 21:00:44,ESP32-CAM-01,DANGER,STALLED CAR,LANE_1,15.83,CLOSE,incident_1788555644_STALLED_CAR.jpg
2026-09-04 21:00:47,ESP32-CAM-01,DANGER,STALLED CAR,LANE_1,18.23,CLOSE,incident_1788555647_STALLED_CAR.jpg
2026-09-04 21:00:50,ESP32-CAM-01,DANGER,STALLED CAR,LANE_1,20.27,CLOSE,incident_1788555650_STALLED_CAR.jpg
2026-09-04 21:00:53,ESP32-CAM-01,DANGER,STALLED CAR,LANE_1,22.43,CLOSE,incident_1788555653_STALLED_CAR.jpg
2026-09-04 21:00:56,ESP32-CAM-01,DANGER,STALLED CAR,LANE_1,24.8,CLOSE,incident_1788555656_STALLED_CAR.jpg
2026-09-04 21:00:59,ESP32-CAM-01,DANGER,STALLED CAR,LANE_1,27.43,CLOSE,incident_1788555659_STALLED_CAR.jpg
2026-09-04 21:01:02,ESP32-CAM-01,DANGER,STALLED CAR,LANE_1,30.0,CLOSE,incident_1788555662_STALLED_CAR.jpg
2026-09-04 21:01:05,ESP32-CAM-01,DANGER,STALLED CAR,LANE_1,32.57,CLOSE,incident_1788555665_STALLED_CAR.jpg
2026-09-04 21:01:08,ESP32-CAM-01,DANGER,STALLED CAR,LANE_1,35.2,CLOSE,incident_1788555668_STALLED_CAR.jpg
2026-09-04 21:01:11,ESP32-CAM-01,DANGER,STALLED CAR,LANE_1,37.67,CLOSE,incident_1788555671_STALLED_CAR.jpg
2026-09-04 21:01:14,ESP32-CAM-01,DANGER,STALLED CAR,LANE_1,40.1,CLOSE,incident_1788555674_STALLED_CAR.jpg
2026-09-04 21:01:17,ESP32-CAM-01,DANGER,STALLED CAR,LANE_1,42.6,CLOSE,incident_1788555677_STALLED_CAR.jpg
2026-09-04 21:01:20,ESP32-CAM-01,DANGER,STALLED CAR,LANE_1,45.13,CLOSE,incident_1788555680_STALLED_CAR.jpg
2026-09-04 21:01:23,ESP32-CAM-01,DANGER,STALLED CAR,LANE_1,47.77,CLOSE,incident_1788555683_STALLED_CAR.jpg
2026-09-04 21:01:29,ESP32-CAM-01,DANGER,STALLED CAR,LANE_1,2.5,CLOSE,incident_1788555689_STALLED_CAR.jpg
2026-09-04 21:01:33,ESP32-CAM-01,DANGER,STALLED CAR,LANE_1,2.5,CLOSE,incident_1788555693_STALLED_CAR.jpg
2026-09-04 21:01:36,ESP32-CAM-01,DANGER,STALLED CAR,LANE_1,3.63,CLOSE,incident_1788555696_STALLED_CAR.jpg
2026-09-04 21:01:39,ESP32-CAM-01,DANGER,STALLED CAR,LANE_1,3.4,CLOSE,incident_1788555699_STALLED_CAR.jpg
2026-09-04 21:01:42,ESP32-CAM-01,DANGER,STALLED CAR,LANE_1,6.03,CLOSE,incident_1788555702_STALLED_CAR.jpg
2026-09-04 21:01:48,ESP32-CAM-01,DANGER,STALLED CAR,LANE_1,2.5,CLOSE,incident_1788555708_STALLED_CAR.jpg
2026-09-04 21:01:51,ESP32-CAM-01,DANGER,STALLED CAR,LANE_1,5.13,CLOSE,incident_1788555711_STALLED_CAR.jpg
2026-09-04 21:01:54,ESP32-CAM-01,DANGER,STALLED CAR,LANE_1,7.53,CLOSE,incident_1788555714_STALLED_CAR.jpg
2026-09-04 21:01:57,ESP32-CAM-01,DANGER,STALLED CAR,LANE_1,10.03,CLOSE,incident_1788555717_STALLED_CAR.jpg
2026-09-04 21:02:00,ESP32-CAM-01,DANGER,STALLED CAR,LANE_1,12.63,CLOSE,incident_1788555720_STALLED_CAR.jpg
2026-09-04 21:02:03,ESP32-CAM-01,DANGER,STALLED CAR,LANE_1,15.3,CLOSE,incident_1788555723_STALLED_CAR.jpg
2026-09-04 21:02:06,ESP32-CAM-01,DANGER,STALLED CAR,LANE_1,5.4,CLOSE,incident_1788555726_STALLED_CAR.jpg
2026-09-04 21:02:09,ESP32-CAM-01,DANGER,STALLED CAR,LANE_1,20.57,CLOSE,incident_1788555729_STALLED_CAR.jpg
2026-09-04 21:02:12,ESP32-CAM-01,DANGER,STALLED CAR,LANE_1,23.23,CLOSE,incident_1788555732_STALLED_CAR.jpg
2026-09-04 21:02:15,ESP32-CAM-01,DANGER,STALLED CAR,LANE_1,25.87,CLOSE,incident_1788555735_STALLED_CAR.jpg
2026-09-04 21:02:18,ESP32-CAM-01,DANGER,STALLED CAR,LANE_1,28.4,CLOSE,incident_1788555738_STALLED_CAR.jpg
2026-09-04 21:02:21,ESP32-CAM-01,DANGER,STALLED CAR,LANE_1,31.0,CLOSE,incident_1788555741_STALLED_CAR.jpg
2026-09-04 21:02:24,ESP32-CAM-01,DANGER,STALLED CAR,LANE_1,33.6,CLOSE,incident_1788555744_STALLED_CAR.jpg
2026-09-04 21:02:27,ESP32-CAM-01,DANGER,STALLED CAR,LANE_1,36.13,CLOSE,incident_1788555747_STALLED_CAR.jpg
2026-09-04 21:02:33,ESP32-CAM-01,DANGER,STALLED CAR,LANE_1,2.5,CLOSE,incident_1788555753_STALLED_CAR.jpg
2026-09-04 21:02:38,ESP32-CAM-01,DANGER,STALLED CAR,LANE_1,2.5,CLOSE,incident_1788555758_STALLED_CAR.jpg
2026-09-04 21:02:41,ESP32-CAM-01,DANGER,STALLED CAR,LANE_1,5.07,CLOSE,incident_1788555761_STALLED_CAR.jpg
2026-09-04 21:02:44,ESP32-CAM-01,DANGER,STALLED CAR,LANE_1,7.73,CLOSE,incident_1788555764_STALLED_CAR.jpg
2026-09-04 21:02:47,ESP32-CAM-01,DANGER,STALLED CAR,LANE_1,10.3,CLOSE,incident_1788555767_STALLED_CAR.jpg
2026-09-04 21:02:51,ESP32-CAM-01,DANGER,STALLED CAR,LANE_1,12.83,CLOSE,incident_1788555771_STALLED_CAR.jpg
2026-09-04 21:02:54,ESP32-CAM-01,DANGER,STALLED CAR,LANE_1,15.53,CLOSE,incident_1788555774_STALLED_CAR.jpg
2026-09-04 21:02:57,ESP32-CAM-01,DANGER,STALLED CAR,LANE_1,18.3,CLOSE,incident_1788555777_STALLED_CAR.jpg
2026-09-04 21:03:01,ESP32-CAM-01,DANGER,STALLED CAR,LANE_1,2.53,CLOSE,incident_1788555781_STALLED_CAR.jpg
2026-09-04 21:03:04,ESP32-CAM-01,DANGER,STALLED CAR,LANE_1,5.17,CLOSE,incident_1788555784_STALLED_CAR.jpg
2026-09-04 21:03:07,ESP32-CAM-01,DANGER,STALLED CAR,LANE_1,7.73,CLOSE,incident_1788555787_STALLED_CAR.jpg
2026-09-04 21:03:20,ESP32-CAM-01,DANGER,STALLED CAR,LANE_1,2.57,CLOSE,incident_1788555800_STALLED_CAR.jpg
2026-09-04 21:03:23,ESP32-CAM-01,DANGER,STALLED CAR,LANE_1,5.37,CLOSE,incident_1788555803_STALLED_CAR.jpg
2026-09-04 21:03:26,ESP32-CAM-01,DANGER,STALLED CAR,LANE_1,8.1,CLOSE,incident_1788555806_STALLED_CAR.jpg
2026-09-04 21:03:29,ESP32-CAM-01,DANGER,STALLED CAR,LANE_1,9.07,CLOSE,incident_1788555809_STALLED_CAR.jpg
2026-09-04 21:03:33,ESP32-CAM-01,DANGER,STALLED CAR,LANE_1,13.8,CLOSE,incident_1788555813_STALLED_CAR.jpg
2026-09-04 21:03:36,ESP32-CAM-01,DANGER,STALLED CAR,LANE_1,16.6,CLOSE,incident_1788555816_STALLED_CAR.jpg
2026-09-04 21:03:39,ESP32-CAM-01,DANGER,STALLED CAR,LANE_1,6.43,FAR,incident_1788555819_STALLED_CAR.jpg
2026-09-04 21:03:42,ESP32-CAM-01,DANGER,STALLED CAR,LANE_1,22.03,CLOSE,incident_1788555822_STALLED_CAR.jpg
2026-09-04 21:03:45,ESP32-CAM-01,DANGER,STALLED CAR,LANE_1,24.73,CLOSE,incident_1788555825_STALLED_CAR.jpg
2026-09-04 21:03:48,ESP32-CAM-01,DANGER,STALLED CAR,LANE_1,27.37,CLOSE,incident_1788555828_STALLED_CAR.jpg
2026-09-04 21:03:51,ESP32-CAM-01,DANGER,STALLED CAR,LANE_1,5.87,CLOSE,incident_1788555831_STALLED_CAR.jpg
2026-09-04 21:03:54,ESP32-CAM-01,DANGER,STALLED CAR,LANE_1,32.6,CLOSE,incident_1788555834_STALLED_CAR.jpg
2026-09-04 21:03:57,ESP32-CAM-01,DANGER,STALLED CAR,LANE_1,35.33,CLOSE,incident_1788555837_STALLED_CAR.jpg
2026-09-04 21:04:00,ESP32-CAM-01,DANGER,STALLED CAR,LANE_1,38.1,CLOSE,incident_1788555840_STALLED_CAR.jpg
2026-09-04 21:04:03,ESP32-CAM-01,DANGER,STALLED CAR,LANE_1,40.83,CLOSE,incident_1788555843_STALLED_CAR.jpg
2026-09-04 21:04:06,ESP32-CAM-01,DANGER,STALLED CAR,LANE_1,43.5,CLOSE,incident_1788555846_STALLED_CAR.jpg
2026-09-04 21:04:10,ESP32-CAM-01,DANGER,STALLED CAR,LANE_1,46.53,CLOSE,incident_1788555850_STALLED_CAR.jpg
2026-09-04 21:04:13,ESP32-CAM-01,DANGER,STALLED CAR,LANE_1,49.3,CLOSE,incident_1788555853_STALLED_CAR.jpg
2026-09-04 21:04:16,ESP32-CAM-01,DANGER,STALLED CAR,LANE_1,2.5,CLOSE,incident_1788555856_STALLED_CAR.jpg
2026-09-04 21:04:23,ESP32-CAM-01,DANGER,STALLED CAR,LANE_1,2.67,CLOSE,incident_1788555863_STALLED_CAR.jpg
2026-09-04 21:04:26,ESP32-CAM-01,DANGER,STALLED CAR,LANE_1,2.7,CLOSE,incident_1788555866_STALLED_CAR.jpg
2026-09-04 21:04:29,ESP32-CAM-01,DANGER,STALLED CAR,LANE_1,2.83,FAR,incident_1788555869_STALLED_CAR.jpg
2026-09-04 21:04:32,ESP32-CAM-01,DANGER,STALLED CAR,LANE_1,5.67,CLOSE,incident_1788555872_STALLED_CAR.jpg
2026-09-04 21:04:35,ESP32-CAM-01,DANGER,STALLED CAR,LANE_1,8.43,CLOSE,incident_1788555875_STALLED_CAR.jpg
2026-09-04 21:04:58,ESP32-CAM-01,DANGER,STALLED CAR,LANE_1,2.5,CLOSE,incident_1788555898_STALLED_CAR.jpg
2026-09-04 21:05:36,ESP32-CAM-01,DANGER,STALLED CAR,LANE_1,3.5,MEDIUM,incident_1788555936_STALLED_CAR.jpg
2026-09-04 21:05:39,ESP32-CAM-01,DANGER,STALLED CAR,LANE_1,2.5,CLOSE,incident_1788555939_STALLED_CAR.jpg
2026-09-04 21:05:42,ESP32-CAM-01,DANGER,STALLED CAR,LANE_1,4.27,CLOSE,incident_1788555942_STALLED_CAR.jpg
2026-09-04 21:05:45,ESP32-CAM-01,DANGER,STALLED CAR,LANE_1,6.03,CLOSE,incident_1788555945_STALLED_CAR.jpg
2026-09-04 21:05:48,ESP32-CAM-01,DANGER,STALLED CAR,LANE_1,7.87,CLOSE,incident_1788555948_STALLED_CAR.jpg
2026-09-04 21:05:51,ESP32-CAM-01,DANGER,STALLED CAR,LANE_1,9.6,CLOSE,incident_1788555951_STALLED_CAR.jpg
2026-09-04 21:05:54,ESP32-CAM-01,DANGER,STALLED CAR,LANE_1,11.4,MEDIUM,incident_1788555954_STALLED_CAR.jpg
2026-09-04 21:05:57,ESP32-CAM-01,DANGER,STALLED CAR,LANE_1,13.17,MEDIUM,incident_1788555957_STALLED_CAR.jpg
2026-09-04 21:06:00,ESP32-CAM-01,DANGER,STALLED CAR,LANE_1,13.87,MEDIUM,incident_1788555960_STALLED_CAR.jpg
2026-09-04 21:06:03,ESP32-CAM-01,DANGER,STALLED CAR,LANE_1,17.2,MEDIUM,incident_1788555963_STALLED_CAR.jpg
2026-09-04 21:06:06,ESP32-CAM-01,DANGER,STALLED CAR,LANE_1,17.53,MEDIUM,incident_1788555966_STALLED_CAR.jpg
2026-09-04 21:06:10,ESP32-CAM-01,DANGER,STALLED CAR,LANE_1,19.47,MEDIUM,incident_1788555970_STALLED_CAR.jpg
2026-09-04 21:06:16,ESP32-CAM-01,DANGER,STALLED CAR,LANE_1,2.7,MEDIUM,incident_1788555976_STALLED_CAR.jpg
2026-09-04 21:06:26,ESP32-CAM-01,DANGER,STALLED CAR,LANE_1,2.5,CLOSE,incident_1788555986_STALLED_CAR.jpg
2026-09-04 21:06:33,ESP32-CAM-01,DANGER,STALLED CAR,LANE_1,2.5,CLOSE,incident_1788555993_STALLED_CAR.jpg
2026-09-04 21:06:36,ESP32-CAM-01,DANGER,STALLED CAR,LANE_1,4.33,CLOSE,incident_1788555996_STALLED_CAR.jpg
2026-09-04 21:06:39,ESP32-CAM-01,DANGER,STALLED CAR,LANE_1,6.1,CLOSE,incident_1788555999_STALLED_CAR.jpg
2026-09-04 21:06:42,ESP32-CAM-01,DANGER,STALLED CAR,LANE_1,7.87,CLOSE,incident_1788556002_STALLED_CAR.jpg
2026-09-04 21:06:45,ESP32-CAM-01,DANGER,STALLED CAR,LANE_1,9.63,CLOSE,incident_1788556005_STALLED_CAR.jpg
2026-09-04 21:06:48,ESP32-CAM-01,DANGER,STALLED CAR,LANE_1,11.43,CLOSE,incident_1788556008_STALLED_CAR.jpg
2026-09-04 21:06:51,ESP32-CAM-01,DANGER,STALLED CAR,LANE_1,13.17,CLOSE,incident_1788556011_STALLED_CAR.jpg
2026-09-04 21:06:54,ESP32-CAM-01,DANGER,STALLED CAR,LANE_1,14.9,CLOSE,incident_1788556014_STALLED_CAR.jpg
2026-09-04 21:07:05,ESP32-CAM-01,DANGER,STALLED CAR,LANE_1,2.5,CLOSE,incident_1788556025_STALLED_CAR.jpg
2026-09-04 21:07:08,ESP32-CAM-01,DANGER,STALLED CAR,LANE_1,4.37,CLOSE,incident_1788556028_STALLED_CAR.jpg
2026-09-04 21:07:18,ESP32-CAM-01,DANGER,STALLED CAR,LANE_1,2.5,CLOSE,incident_1788556038_STALLED_CAR.jpg
2026-09-04 21:07:39,ESP32-CAM-01,DANGER,STALLED CAR,LANE_1,2.5,FAR,incident_1788556059_STALLED_CAR.jpg
2026-09-04 21:07:43,ESP32-CAM-01,DANGER,STALLED CAR,LANE_1,4.83,FAR,incident_1788556063_STALLED_CAR.jpg
2026-09-04 21:07:46,ESP32-CAM-01,DANGER,STALLED CAR,LANE_1,2.5,CLOSE,incident_1788556066_STALLED_CAR.jpg
2026-09-04 21:07:49,ESP32-CAM-01,DANGER,STALLED CAR,LANE_1,4.4,MEDIUM,incident_1788556069_STALLED_CAR.jpg
2026-09-04 21:07:52,ESP32-CAM-01,DANGER,STALLED CAR,LANE_1,6.3,CLOSE,incident_1788556072_STALLED_CAR.jpg
2026-09-04 21:07:55,ESP32-CAM-01,DANGER,STALLED CAR,LANE_1,8.17,CLOSE,incident_1788556075_STALLED_CAR.jpg
2026-09-04 21:07:59,ESP32-CAM-01,DANGER,STALLED CAR,LANE_1,10.07,CLOSE,incident_1788556079_STALLED_CAR.jpg
2026-09-04 21:08:02,ESP32-CAM-01,DANGER,STALLED CAR,LANE_1,11.93,CLOSE,incident_1788556082_STALLED_CAR.jpg
2026-09-04 21:08:05,ESP32-CAM-01,DANGER,STALLED CAR,LANE_1,13.8,CLOSE,incident_1788556085_STALLED_CAR.jpg
2026-09-04 21:08:15,ESP32-CAM-01,DANGER,STALLED CAR,LANE_1,4.63,CLOSE,incident_1788556095_STALLED_CAR.jpg
2026-09-04 21:08:20,ESP32-CAM-01,DANGER,STALLED CAR,LANE_1,2.57,MEDIUM,incident_1788556100_STALLED_CAR.jpg
2026-09-04 21:08:25,ESP32-CAM-01,DANGER,STALLED CAR,LANE_1,2.5,CLOSE,incident_1788556105_STALLED_CAR.jpg
2026-09-04 21:08:30,ESP32-CAM-01,DANGER,STALLED CAR,LANE_1,2.5,CLOSE,incident_1788556110_STALLED_CAR.jpg
2026-09-04 21:08:33,ESP32-CAM-01,DANGER,STALLED CAR,LANE_1,4.4,CLOSE,incident_1788556113_STALLED_CAR.jpg
2026-09-04 21:08:38,ESP32-CAM-01,DANGER,STALLED CAR,LANE_1,2.5,CLOSE,incident_1788556118_STALLED_CAR.jpg
2026-09-04 21:08:42,ESP32-CAM-01,DANGER,STALLED CAR,LANE_1,4.87,CLOSE,incident_1788556122_STALLED_CAR.jpg
2026-09-04 21:08:49,ESP32-CAM-01,DANGER,STALLED CAR,LANE_1,2.5,CLOSE,incident_1788556129_STALLED_CAR.jpg
2026-09-04 21:08:52,ESP32-CAM-01,DANGER,STALLED CAR,LANE_1,4.43,CLOSE,incident_1788556132_STALLED_CAR.jpg
2026-09-04 21:08:59,ESP32-CAM-01,DANGER,STALLED CAR,LANE_1,2.5,CLOSE,incident_1788556139_STALLED_CAR.jpg
2026-09-04 21:09:02,ESP32-CAM-01,DANGER,STALLED CAR,LANE_1,4.57,CLOSE,incident_1788556142_STALLED_CAR.jpg
2026-09-04 21:09:05,ESP32-CAM-01,DANGER,STALLED CAR,LANE_1,6.57,CLOSE,incident_1788556145_STALLED_CAR.jpg
2026-09-04 21:09:08,ESP32-CAM-01,DANGER,STALLED CAR,LANE_1,8.6,CLOSE,incident_1788556148_STALLED_CAR.jpg
2026-09-04 21:09:11,ESP32-CAM-01,DANGER,STALLED CAR,LANE_1,10.6,CLOSE,incident_1788556151_STALLED_CAR.jpg
2026-09-04 21:09:14,ESP32-CAM-01,DANGER,STALLED CAR,LANE_1,12.63,CLOSE,incident_1788556154_STALLED_CAR.jpg
2026-09-04 21:09:17,ESP32-CAM-01,DANGER,STALLED CAR,LANE_1,14.6,CLOSE,incident_1788556157_STALLED_CAR.jpg
2026-09-04 21:09:21,ESP32-CAM-01,DANGER,STALLED CAR,LANE_1,16.6,CLOSE,incident_1788556161_STALLED_CAR.jpg
2026-09-04 21:09:24,ESP32-CAM-01,DANGER,STALLED CAR,LANE_1,18.57,CLOSE,incident_1788556164_STALLED_CAR.jpg
2026-09-04 21:09:27,ESP32-CAM-01,DANGER,STALLED CAR,LANE_1,20.6,CLOSE,incident_1788556167_STALLED_CAR.jpg
2026-09-04 21:09:30,ESP32-CAM-01,DANGER,STALLED CAR,LANE_1,22.6,CLOSE,incident_1788556170_STALLED_CAR.jpg
2026-09-04 21:09:33,ESP32-CAM-01,DANGER,STALLED CAR,LANE_1,24.53,CLOSE,incident_1788556173_STALLED_CAR.jpg
2026-09-04 21:09:36,ESP32-CAM-01,DANGER,STALLED CAR,LANE_1,26.5,CLOSE,incident_1788556176_STALLED_CAR.jpg
2026-09-04 21:09:39,ESP32-CAM-01,DANGER,STALLED CAR,LANE_1,28.33,CLOSE,incident_1788556179_STALLED_CAR.jpg
2026-09-04 21:09:42,ESP32-CAM-01,DANGER,STALLED CAR,LANE_1,30.17,CLOSE,incident_1788556182_STALLED_CAR.jpg
2026-09-04 21:09:45,ESP32-CAM-01,DANGER,STALLED CAR,LANE_1,32.0,CLOSE,incident_1788556185_STALLED_CAR.jpg
2026-09-04 21:09:48,ESP32-CAM-01,DANGER,STALLED CAR,LANE_1,33.73,CLOSE,incident_1788556188_STALLED_CAR.jpg
2026-09-04 21:09:51,ESP32-CAM-01,DANGER,STALLED CAR,LANE_1,35.53,CLOSE,incident_1788556191_STALLED_CAR.jpg
2026-09-04 21:09:54,ESP32-CAM-01,DANGER,STALLED CAR,LANE_1,37.3,CLOSE,incident_1788556194_STALLED_CAR.jpg
2026-09-04 21:09:57,ESP32-CAM-01,DANGER,STALLED CAR,LANE_1,39.1,CLOSE,incident_1788556197_STALLED_CAR.jpg
2026-09-04 21:10:04,ESP32-CAM-01,DANGER,STALLED CAR,LANE_1,2.5,FAR,incident_1788556204_STALLED_CAR.jpg
2026-09-04 21:10:07,ESP32-CAM-01,DANGER,STALLED CAR,LANE_1,4.27,FAR,incident_1788556207_STALLED_CAR.jpg
2026-09-04 21:10:10,ESP32-CAM-01,DANGER,STALLED CAR,LANE_1,6.03,FAR,incident_1788556210_STALLED_CAR.jpg
2026-09-04 21:10:19,ESP32-CAM-01,DANGER,STALLED CAR,LANE_1,2.5,CLOSE,incident_1788556219_STALLED_CAR.jpg
2026-09-04 21:10:22,ESP32-CAM-01,DANGER,STALLED CAR,LANE_1,4.53,CLOSE,incident_1788556222_STALLED_CAR.jpg
2026-09-04 21:10:25,ESP32-CAM-01,DANGER,STALLED CAR,LANE_1,6.47,CLOSE,incident_1788556225_STALLED_CAR.jpg
2026-09-04 21:10:28,ESP32-CAM-01,DANGER,STALLED CAR,LANE_1,8.2,MEDIUM,incident_1788556228_STALLED_CAR.jpg
2026-09-04 21:10:31,ESP32-CAM-01,DANGER,STALLED CAR,LANE_1,9.83,CLOSE,incident_1788556231_STALLED_CAR.jpg
2026-09-04 21:10:34,ESP32-CAM-01,DANGER,STALLED CAR,LANE_1,11.53,CLOSE,incident_1788556234_STALLED_CAR.jpg
2026-09-04 21:10:37,ESP32-CAM-01,DANGER,STALLED CAR,LANE_1,13.63,CLOSE,incident_1788556237_STALLED_CAR.jpg
2026-09-04 21:10:40,ESP32-CAM-01,DANGER,STALLED CAR,LANE_1,15.63,CLOSE,incident_1788556240_STALLED_CAR.jpg
2026-09-04 21:10:43,ESP32-CAM-01,DANGER,STALLED CAR,LANE_1,4.9,CLOSE,incident_1788556243_STALLED_CAR.jpg
2026-09-04 21:10:50,ESP32-CAM-01,DANGER,STALLED CAR,LANE_1,2.57,CLOSE,incident_1788556250_STALLED_CAR.jpg
2026-09-04 21:10:54,ESP32-CAM-01,DANGER,STALLED CAR,LANE_1,2.5,CLOSE,incident_1788556254_STALLED_CAR.jpg
2026-09-04 21:10:57,ESP32-CAM-01,DANGER,STALLED CAR,LANE_1,4.5,CLOSE,incident_1788556257_STALLED_CAR.jpg
2026-09-04 21:11:00,ESP32-CAM-01,DANGER,STALLED CAR,LANE_1,6.57,CLOSE,incident_1788556260_STALLED_CAR.jpg
2026-09-04 21:11:13,ESP32-CAM-01,DANGER,STALLED CAR,LANE_1,3.17,CLOSE,incident_1788556273_STALLED_CAR.jpg
2026-09-04 21:11:40,ESP32-CAM-01,DANGER,STALLED CAR,LANE_1,2.5,CLOSE,incident_1788556300_STALLED_CAR.jpg
2026-09-04 21:11:44,ESP32-CAM-01,DANGER,STALLED CAR,LANE_1,3.27,CLOSE,incident_1788556304_STALLED_CAR.jpg
2026-09-04 21:11:51,ESP32-CAM-01,DANGER,STALLED CAR,LANE_1,2.5,CLOSE,incident_1788556311_STALLED_CAR.jpg
2026-09-04 21:11:59,ESP32-CAM-01,DANGER,STALLED CAR,LANE_1,2.5,CLOSE,incident_1788556319_STALLED_CAR.jpg
2026-09-04 21:12:02,ESP32-CAM-01,DANGER,STALLED CAR,LANE_1,4.27,CLOSE,incident_1788556322_STALLED_CAR.jpg
2026-09-04 21:12:05,ESP32-CAM-01,DANGER,STALLED CAR,LANE_1,5.87,CLOSE,incident_1788556325_STALLED_CAR.jpg
2026-09-04 21:12:08,ESP32-CAM-01,DANGER,STALLED CAR,LANE_1,7.6,CLOSE,incident_1788556328_STALLED_CAR.jpg
2026-09-04 21:12:17,ESP32-CAM-01,DANGER,STALLED CAR,LANE_1,2.5,CLOSE,incident_1788556337_STALLED_CAR.jpg
2026-09-04 21:12:31,ESP32-CAM-01,DANGER,STALLED CAR,LANE_1,2.5,CLOSE,incident_1788556351_STALLED_CAR.jpg
2026-09-04 21:12:46,ESP32-CAM-01,DANGER,STALLED CAR,LANE_1,2.5,CLOSE,incident_1788556366_STALLED_CAR.jpg
2026-09-04 21:12:49,ESP32-CAM-01,DANGER,STALLED CAR,LANE_1,4.5,CLOSE,incident_1788556370_STALLED_CAR.jpg
2026-09-04 21:13:05,ESP32-CAM-01,DANGER,STALLED CAR,LANE_1,2.5,CLOSE,incident_1788556385_STALLED_CAR.jpg
2026-09-04 21:13:10,ESP32-CAM-01,DANGER,STALLED CAR,LANE_1,2.5,CLOSE,incident_1788556390_STALLED_CAR.jpg
2026-09-04 21:13:13,ESP32-CAM-01,DANGER,STALLED CAR,LANE_1,4.33,CLOSE,incident_1788556393_STALLED_CAR.jpg
2026-09-04 21:13:16,ESP32-CAM-01,DANGER,STALLED CAR,LANE_1,6.1,CLOSE,incident_1788556396_STALLED_CAR.jpg
2026-09-04 21:13:19,ESP32-CAM-01,DANGER,STALLED CAR,LANE_1,7.8,CLOSE,incident_1788556399_STALLED_CAR.jpg
2026-09-04 21:13:25,ESP32-CAM-01,DANGER,STALLED CAR,LANE_1,2.9,CLOSE,incident_1788556405_STALLED_CAR.jpg
2026-09-04 21:13:33,ESP32-CAM-01,DANGER,STALLED CAR,LANE_1,2.5,CLOSE,incident_1788556413_STALLED_CAR.jpg
2026-09-04 21:13:37,ESP32-CAM-01,DANGER,STALLED CAR,LANE_1,3.03,CLOSE,incident_1788556417_STALLED_CAR.jpg
2026-09-04 21:13:40,ESP32-CAM-01,DANGER,STALLED CAR,LANE_1,7.0,CLOSE,incident_1788556420_STALLED_CAR.jpg
2026-09-04 21:13:43,ESP32-CAM-01,DANGER,STALLED CAR,LANE_1,2.97,CLOSE,incident_1788556423_STALLED_CAR.jpg
2026-09-04 21:13:46,ESP32-CAM-01,DANGER,STALLED CAR,LANE_1,4.8,CLOSE,incident_1788556426_STALLED_CAR.jpg
2026-09-04 21:13:49,ESP32-CAM-01,DANGER,STALLED CAR,LANE_1,6.6,CLOSE,incident_1788556429_STALLED_CAR.jpg
2026-09-04 21:13:52,ESP32-CAM-01,DANGER,STALLED CAR,LANE_1,8.4,CLOSE,incident_1788556432_STALLED_CAR.jpg
2026-09-04 21:13:58,ESP32-CAM-01,DANGER,STALLED CAR,LANE_1,2.5,CLOSE,incident_1788556438_STALLED_CAR.jpg
2026-09-04 21:14:01,ESP32-CAM-01,DANGER,STALLED CAR,LANE_1,4.4,CLOSE,incident_1788556441_STALLED_CAR.jpg
2026-09-04 21:14:04,ESP32-CAM-01,DANGER,STALLED CAR,LANE_1,6.1,CLOSE,incident_1788556444_STALLED_CAR.jpg
2026-09-04 21:14:07,ESP32-CAM-01,DANGER,STALLED CAR,LANE_1,7.93,CLOSE,incident_1788556447_STALLED_CAR.jpg
2026-09-04 21:14:10,ESP32-CAM-01,DANGER,STALLED CAR,LANE_1,9.63,CLOSE,incident_1788556450_STALLED_CAR.jpg
2026-09-04 21:14:13,ESP32-CAM-01,DANGER,STALLED CAR,LANE_1,11.1,CLOSE,incident_1788556453_STALLED_CAR.jpg
2026-09-04 21:14:21,ESP32-CAM-01,DANGER,STALLED CAR,LANE_1,2.5,CLOSE,incident_1788556461_STALLED_CAR.jpg
2026-09-04 21:14:24,ESP32-CAM-01,DANGER,STALLED CAR,LANE_1,4.4,CLOSE,incident_1788556464_STALLED_CAR.jpg
2026-09-04 21:14:27,ESP32-CAM-01,DANGER,STALLED CAR,LANE_1,6.0,CLOSE,incident_1788556467_STALLED_CAR.jpg
2026-09-04 21:14:30,ESP32-CAM-01,DANGER,STALLED CAR,LANE_1,7.73,CLOSE,incident_1788556470_STALLED_CAR.jpg
2026-09-04 21:14:33,ESP32-CAM-01,DANGER,STALLED CAR,LANE_1,9.6,CLOSE,incident_1788556473_STALLED_CAR.jpg
2026-09-04 21:14:36,ESP32-CAM-01,DANGER,STALLED CAR,LANE_1,11.37,CLOSE,incident_1788556476_STALLED_CAR.jpg
2026-09-04 21:14:39,ESP32-CAM-01,DANGER,STALLED CAR,LANE_1,13.23,CLOSE,incident_1788556479_STALLED_CAR.jpg
2026-09-04 21:14:42,ESP32-CAM-01,DANGER,STALLED CAR,LANE_1,15.07,CLOSE,incident_1788556482_STALLED_CAR.jpg
2026-09-04 21:14:48,ESP32-CAM-01,DANGER,STALLED CAR,LANE_1,2.5,CLOSE,incident_1788556488_STALLED_CAR.jpg
2026-09-04 21:14:51,ESP32-CAM-01,DANGER,STALLED CAR,LANE_1,4.4,CLOSE,incident_1788556491_STALLED_CAR.jpg
2026-09-04 21:14:54,ESP32-CAM-01,DANGER,STALLED CAR,LANE_1,6.23,CLOSE,incident_1788556494_STALLED_CAR.jpg
2026-09-04 21:14:57,ESP32-CAM-01,DANGER,STALLED CAR,LANE_1,8.07,CLOSE,incident_1788556497_STALLED_CAR.jpg
2026-09-04 21:15:00,ESP32-CAM-01,DANGER,STALLED CAR,LANE_1,9.93,CLOSE,incident_1788556500_STALLED_CAR.jpg
2026-09-04 21:15:03,ESP32-CAM-01,DANGER,STALLED CAR,LANE_1,11.87,CLOSE,incident_1788556503_STALLED_CAR.jpg
2026-09-04 21:15:06,ESP32-CAM-01,DANGER,STALLED CAR,LANE_1,13.7,CLOSE,incident_1788556506_STALLED_CAR.jpg
2026-09-04 21:15:09,ESP32-CAM-01,DANGER,STALLED CAR,LANE_1,15.63,CLOSE,incident_1788556509_STALLED_CAR.jpg
2026-09-04 21:15:12,ESP32-CAM-01,DANGER,STALLED CAR,LANE_1,17.37,CLOSE,incident_1788556512_STALLED_CAR.jpg
2026-09-04 21:15:20,ESP32-CAM-01,DANGER,STALLED CAR,LANE_1,2.5,CLOSE,incident_1788556520_STALLED_CAR.jpg
2026-09-04 21:15:23,ESP32-CAM-01,DANGER,STALLED CAR,LANE_1,4.23,CLOSE,incident_1788556523_STALLED_CAR.jpg
2026-09-04 21:15:26,ESP32-CAM-01,DANGER,STALLED CAR,LANE_1,6.1,CLOSE,incident_1788556526_STALLED_CAR.jpg
2026-09-04 21:15:29,ESP32-CAM-01,DANGER,STALLED CAR,LANE_1,7.9,CLOSE,incident_1788556529_STALLED_CAR.jpg
2026-09-04 21:15:37,ESP32-CAM-01,DANGER,STALLED CAR,LANE_1,2.5,CLOSE,incident_1788556537_STALLED_CAR.jpg
2026-09-04 21:15:45,ESP32-CAM-01,DANGER,STALLED CAR,LANE_1,2.5,CLOSE,incident_1788556545_STALLED_CAR.jpg
2026-09-04 21:15:53,ESP32-CAM-01,DANGER,STALLED CAR,LANE_1,2.5,CLOSE,incident_1788556553_STALLED_CAR.jpg
2026-09-04 21:15:56,ESP32-CAM-01,DANGER,STALLED CAR,LANE_1,4.33,CLOSE,incident_1788556556_STALLED_CAR.jpg
2026-09-04 21:15:59,ESP32-CAM-01,DANGER,STALLED CAR,LANE_1,6.33,CLOSE,incident_1788556559_STALLED_CAR.jpg
2026-09-04 21:16:02,ESP32-CAM-01,DANGER,STALLED CAR,LANE_1,8.37,CLOSE,incident_1788556563_STALLED_CAR.jpg
2026-09-04 21:16:08,ESP32-CAM-01,DANGER,STALLED CAR,LANE_1,2.5,CLOSE,incident_1788556568_STALLED_CAR.jpg
2026-09-04 21:16:15,ESP32-CAM-01,DANGER,STALLED CAR,LANE_1,2.5,CLOSE,incident_1788556575_STALLED_CAR.jpg
2026-09-04 21:16:18,ESP32-CAM-01,DANGER,STALLED CAR,LANE_1,4.33,CLOSE,incident_1788556578_STALLED_CAR.jpg
2026-09-04 21:16:21,ESP32-CAM-01,DANGER,STALLED CAR,LANE_1,5.93,CLOSE,incident_1788556581_STALLED_CAR.jpg
2026-09-04 21:16:24,ESP32-CAM-01,DANGER,STALLED CAR,LANE_1,7.47,CLOSE,incident_1788556584_STALLED_CAR.jpg
2026-09-04 21:16:27,ESP32-CAM-01,DANGER,STALLED CAR,LANE_1,9.03,CLOSE,incident_1788556587_STALLED_CAR.jpg
2026-09-04 21:16:30,ESP32-CAM-01,DANGER,STALLED CAR,LANE_1,10.9,CLOSE,incident_1788556590_STALLED_CAR.jpg
2026-09-04 21:16:33,ESP32-CAM-01,DANGER,STALLED CAR,LANE_1,12.53,MEDIUM,incident_1788556593_STALLED_CAR.jpg
2026-09-04 21:16:36,ESP32-CAM-01,DANGER,STALLED CAR,LANE_1,14.03,CLOSE,incident_1788556596_STALLED_CAR.jpg
2026-09-04 21:16:39,ESP32-CAM-01,DANGER,STALLED CAR,LANE_1,16.03,CLOSE,incident_1788556599_STALLED_CAR.jpg
2026-09-04 21:16:42,ESP32-CAM-01,DANGER,STALLED CAR,LANE_1,18.0,MEDIUM,incident_1788556602_STALLED_CAR.jpg
2026-09-04 21:16:45,ESP32-CAM-01,DANGER,STALLED CAR,LANE_1,19.6,CLOSE,incident_1788556605_STALLED_CAR.jpg
2026-09-04 21:16:52,ESP32-CAM-01,DANGER,STALLED CAR,LANE_1,2.5,CLOSE,incident_1788556612_STALLED_CAR.jpg
2026-09-04 21:16:55,ESP32-CAM-01,DANGER,STALLED CAR,LANE_1,3.57,CLOSE,incident_1788556615_STALLED_CAR.jpg
2026-09-04 21:16:59,ESP32-CAM-01,DANGER,STALLED CAR,LANE_1,2.5,CLOSE,incident_1788556619_STALLED_CAR.jpg
2026-09-04 21:17:02,ESP32-CAM-01,DANGER,STALLED CAR,LANE_1,4.3,CLOSE,incident_1788556622_STALLED_CAR.jpg
2026-09-04 21:17:05,ESP32-CAM-01,DANGER,STALLED CAR,LANE_1,6.17,CLOSE,incident_1788556625_STALLED_CAR.jpg
2026-09-04 21:17:08,ESP32-CAM-01,DANGER,STALLED CAR,LANE_1,8.13,CLOSE,incident_1788556628_STALLED_CAR.jpg
2026-09-04 21:17:11,ESP32-CAM-01,DANGER,STALLED CAR,LANE_1,9.97,CLOSE,incident_1788556631_STALLED_CAR.jpg
2026-09-04 21:17:22,ESP32-CAM-01,DANGER,STALLED CAR,LANE_1,2.97,CLOSE,incident_1788556642_STALLED_CAR.jpg
2026-09-04 21:17:25,ESP32-CAM-01,DANGER,STALLED CAR,LANE_1,4.83,CLOSE,incident_1788556645_STALLED_CAR.jpg
2026-09-04 21:17:29,ESP32-CAM-01,DANGER,STALLED CAR,LANE_1,6.7,CLOSE,incident_1788556649_STALLED_CAR.jpg
2026-09-04 21:17:32,ESP32-CAM-01,DANGER,STALLED CAR,LANE_1,5.9,CLOSE,incident_1788556652_STALLED_CAR.jpg
2026-09-04 21:17:35,ESP32-CAM-01,DANGER,STALLED CAR,LANE_1,10.33,CLOSE,incident_1788556655_STALLED_CAR.jpg
2026-09-04 21:17:42,ESP32-CAM-01,DANGER,STALLED CAR,LANE_1,2.5,CLOSE,incident_1788556662_STALLED_CAR.jpg
2026-09-04 21:17:46,ESP32-CAM-01,DANGER,STALLED CAR,LANE_1,4.3,CLOSE,incident_1788556666_STALLED_CAR.jpg
2026-09-04 21:17:53,ESP32-CAM-01,DANGER,STALLED CAR,LANE_1,2.5,CLOSE,incident_1788556673_STALLED_CAR.jpg
2026-09-04 21:17:56,ESP32-CAM-01,DANGER,STALLED CAR,LANE_1,4.03,CLOSE,incident_1788556676_STALLED_CAR.jpg
2026-09-04 21:17:59,ESP32-CAM-01,DANGER,STALLED CAR,LANE_1,5.9,CLOSE,incident_1788556679_STALLED_CAR.jpg
2026-09-04 21:18:03,ESP32-CAM-01,DANGER,STALLED CAR,LANE_1,7.8,CLOSE,incident_1788556683_STALLED_CAR.jpg
2026-09-04 21:18:06,ESP32-CAM-01,DANGER,STALLED CAR,LANE_1,9.5,CLOSE,incident_1788556686_STALLED_CAR.jpg
2026-09-04 21:18:09,ESP32-CAM-01,DANGER,STALLED CAR,LANE_1,11.27,CLOSE,incident_1788556689_STALLED_CAR.jpg
2026-09-04 21:18:12,ESP32-CAM-01,DANGER,STALLED CAR,LANE_1,13.1,CLOSE,incident_1788556692_STALLED_CAR.jpg
2026-09-04 21:18:20,ESP32-CAM-01,DANGER,STALLED CAR,LANE_1,2.53,CLOSE,incident_1788556700_STALLED_CAR.jpg
2026-09-04 21:18:24,ESP32-CAM-01,DANGER,STALLED CAR,LANE_1,2.5,CLOSE,incident_1788556704_STALLED_CAR.jpg
2026-09-04 21:18:30,ESP32-CAM-01,DANGER,STALLED CAR,LANE_1,3.33,CLOSE,incident_1788556710_STALLED_CAR.jpg
2026-09-04 21:18:34,ESP32-CAM-01,DANGER,STALLED CAR,LANE_1,2.5,CLOSE,incident_1788556714_STALLED_CAR.jpg
2026-09-04 21:18:37,ESP32-CAM-01,DANGER,STALLED CAR,LANE_1,4.4,CLOSE,incident_1788556717_STALLED_CAR.jpg
2026-09-04 21:18:40,ESP32-CAM-01,DANGER,STALLED CAR,LANE_1,6.27,CLOSE,incident_1788556720_STALLED_CAR.jpg
2026-09-04 21:18:43,ESP32-CAM-01,DANGER,STALLED CAR,LANE_1,8.07,CLOSE,incident_1788556723_STALLED_CAR.jpg
2026-09-04 21:18:46,ESP32-CAM-01,DANGER,STALLED CAR,LANE_1,9.8,CLOSE,incident_1788556726_STALLED_CAR.jpg
2026-09-04 21:18:49,ESP32-CAM-01,DANGER,STALLED CAR,LANE_1,11.53,CLOSE,incident_1788556729_STALLED_CAR.jpg
2026-09-04 21:18:55,ESP32-CAM-01,DANGER,STALLED CAR,LANE_1,2.5,FAR,incident_1788556735_STALLED_CAR.jpg
2026-09-04 21:18:58,ESP32-CAM-01,DANGER,STALLED CAR,LANE_1,5.17,FAR,incident_1788556738_STALLED_CAR.jpg
2026-09-04 21:19:01,ESP32-CAM-01,DANGER,STALLED CAR,LANE_1,6.97,FAR,incident_1788556741_STALLED_CAR.jpg
2026-09-04 21:19:04,ESP32-CAM-01,DANGER,STALLED CAR,LANE_1,8.8,FAR,incident_1788556744_STALLED_CAR.jpg
2026-09-04 21:19:07,ESP32-CAM-01,DANGER,STALLED CAR,LANE_1,9.97,FAR,incident_1788556747_STALLED_CAR.jpg
2026-09-04 21:19:10,ESP32-CAM-01,DANGER,STALLED CAR,LANE_1,3.2,CLOSE,incident_1788556750_STALLED_CAR.jpg
2026-09-04 21:19:13,ESP32-CAM-01,DANGER,STALLED CAR,LANE_1,4.9,MEDIUM,incident_1788556753_STALLED_CAR.jpg
2026-09-04 21:19:16,ESP32-CAM-01,DANGER,STALLED CAR,LANE_1,6.43,CLOSE,incident_1788556756_STALLED_CAR.jpg
2026-09-04 21:19:19,ESP32-CAM-01,DANGER,STALLED CAR,LANE_1,8.3,CLOSE,incident_1788556759_STALLED_CAR.jpg
2026-09-04 21:19:22,ESP32-CAM-01,DANGER,STALLED CAR,LANE_1,10.2,CLOSE,incident_1788556762_STALLED_CAR.jpg
2026-09-04 21:19:25,ESP32-CAM-01,DANGER,STALLED CAR,LANE_1,12.03,CLOSE,incident_1788556765_STALLED_CAR.jpg
2026-09-04 21:19:28,ESP32-CAM-01,DANGER,STALLED CAR,LANE_1,13.77,CLOSE,incident_1788556768_STALLED_CAR.jpg
2026-09-04 21:19:31,ESP32-CAM-01,DANGER,STALLED CAR,LANE_1,9.73,CLOSE,incident_1788556771_STALLED_CAR.jpg
2026-09-04 21:19:34,ESP32-CAM-01,DANGER,STALLED CAR,LANE_1,11.63,CLOSE,incident_1788556774_STALLED_CAR.jpg
2026-09-04 21:19:37,ESP32-CAM-01,DANGER,STALLED CAR,LANE_1,13.5,CLOSE,incident_1788556777_STALLED_CAR.jpg
2026-09-04 21:19:40,ESP32-CAM-01,DANGER,STALLED CAR,LANE_1,15.4,CLOSE,incident_1788556780_STALLED_CAR.jpg
2026-09-04 21:19:43,ESP32-CAM-01,DANGER,STALLED CAR,LANE_1,17.3,CLOSE,incident_1788556783_STALLED_CAR.jpg
2026-09-04 21:19:51,ESP32-CAM-01,DANGER,STALLED CAR,LANE_1,2.5,CLOSE,incident_1788556791_STALLED_CAR.jpg
2026-09-04 21:19:54,ESP32-CAM-01,DANGER,STALLED CAR,LANE_1,4.27,CLOSE,incident_1788556794_STALLED_CAR.jpg
2026-09-04 21:19:57,ESP32-CAM-01,DANGER,STALLED CAR,LANE_1,6.17,CLOSE,incident_1788556797_STALLED_CAR.jpg
2026-09-04 21:20:00,ESP32-CAM-01,DANGER,STALLED CAR,LANE_1,7.97,CLOSE,incident_1788556800_STALLED_CAR.jpg
2026-09-04 21:20:06,ESP32-CAM-01,DANGER,STALLED CAR,LANE_1,2.5,CLOSE,incident_1788556806_STALLED_CAR.jpg
2026-09-04 21:20:13,ESP32-CAM-01,DANGER,STALLED CAR,LANE_1,2.5,CLOSE,incident_1788556813_STALLED_CAR.jpg
2026-09-04 21:20:20,ESP32-CAM-01,DANGER,STALLED CAR,LANE_1,2.5,CLOSE,incident_1788556820_STALLED_CAR.jpg
2026-09-04 21:20:23,ESP32-CAM-01,DANGER,STALLED CAR,LANE_1,4.27,CLOSE,incident_1788556823_STALLED_CAR.jpg
2026-09-04 21:20:39,ESP32-CAM-01,DANGER,STALLED CAR,LANE_1,2.57,CLOSE,incident_1788556839_STALLED_CAR.jpg
2026-09-04 21:20:42,ESP32-CAM-01,DANGER,STALLED CAR,LANE_1,4.63,CLOSE,incident_1788556842_STALLED_CAR.jpg
2026-09-04 21:20:50,ESP32-CAM-01,DANGER,STALLED CAR,LANE_1,2.5,CLOSE,incident_1788556850_STALLED_CAR.jpg
2026-09-04 21:20:53,ESP32-CAM-01,DANGER,STALLED CAR,LANE_1,4.57,CLOSE,incident_1788556853_STALLED_CAR.jpg
2026-09-04 21:20:56,ESP32-CAM-01,DANGER,STALLED CAR,LANE_1,6.5,CLOSE,incident_1788556856_STALLED_CAR.jpg
2026-09-04 21:21:01,ESP32-CAM-01,DANGER,STALLED CAR,LANE_1,2.5,CLOSE,incident_1788556861_STALLED_CAR.jpg
2026-09-04 21:21:06,ESP32-CAM-01,DANGER,STALLED CAR,LANE_1,2.5,CLOSE,incident_1788556866_STALLED_CAR.jpg
2026-09-04 21:21:09,ESP32-CAM-01,DANGER,STALLED CAR,LANE_1,4.47,CLOSE,incident_1788556869_STALLED_CAR.jpg
2026-09-04 21:21:12,ESP32-CAM-01,DANGER,STALLED CAR,LANE_1,6.53,CLOSE,incident_1788556872_STALLED_CAR.jpg
2026-09-04 21:21:15,ESP32-CAM-01,DANGER,STALLED CAR,LANE_1,5.63,CLOSE,incident_1788556875_STALLED_CAR.jpg
2026-09-04 21:21:18,ESP32-CAM-01,DANGER,STALLED CAR,LANE_1,7.57,CLOSE,incident_1788556878_STALLED_CAR.jpg
2026-09-04 21:21:21,ESP32-CAM-01,DANGER,STALLED CAR,LANE_1,3.9,CLOSE,incident_1788556881_STALLED_CAR.jpg
2026-09-04 21:21:24,ESP32-CAM-01,DANGER,STALLED CAR,LANE_1,11.5,CLOSE,incident_1788556884_STALLED_CAR.jpg
2026-09-04 21:21:32,ESP32-CAM-01,DANGER,STALLED CAR,LANE_1,2.5,CLOSE,incident_1788556892_STALLED_CAR.jpg
2026-09-04 21:21:35,ESP32-CAM-01,DANGER,STALLED CAR,LANE_1,3.87,CLOSE,incident_1788556895_STALLED_CAR.jpg
2026-09-04 21:21:39,ESP32-CAM-01,DANGER,STALLED CAR,LANE_1,2.63,CLOSE,incident_1788556899_STALLED_CAR.jpg
2026-09-04 21:21:42,ESP32-CAM-01,DANGER,STALLED CAR,LANE_1,8.73,CLOSE,incident_1788556902_STALLED_CAR.jpg
2026-09-04 21:21:47,ESP32-CAM-01,DANGER,STALLED CAR,LANE_1,2.5,CLOSE,incident_1788556907_STALLED_CAR.jpg
2026-09-04 21:21:50,ESP32-CAM-01,DANGER,STALLED CAR,LANE_1,4.2,CLOSE,incident_1788556910_STALLED_CAR.jpg
2026-09-04 21:21:53,ESP32-CAM-01,DANGER,STALLED CAR,LANE_1,6.07,CLOSE,incident_1788556913_STALLED_CAR.jpg
2026-09-04 21:21:58,ESP32-CAM-01,DANGER,STALLED CAR,LANE_1,2.5,CLOSE,incident_1788556918_STALLED_CAR.jpg
2026-09-04 21:22:01,ESP32-CAM-01,DANGER,STALLED CAR,LANE_1,4.47,CLOSE,incident_1788556921_STALLED_CAR.jpg
2026-09-04 21:22:04,ESP32-CAM-01,DANGER,STALLED CAR,LANE_1,6.5,CLOSE,incident_1788556924_STALLED_CAR.jpg
2026-09-04 21:22:07,ESP32-CAM-01,DANGER,STALLED CAR,LANE_1,8.47,CLOSE,incident_1788556927_STALLED_CAR.jpg
2026-09-04 21:22:10,ESP32-CAM-01,DANGER,STALLED CAR,LANE_1,10.43,CLOSE,incident_1788556930_STALLED_CAR.jpg
2026-09-04 21:22:13,ESP32-CAM-01,DANGER,STALLED CAR,LANE_1,12.5,CLOSE,incident_1788556933_STALLED_CAR.jpg
2026-09-04 21:22:29,ESP32-CAM-01,DANGER,STALLED CAR,LANE_1,2.53,CLOSE,incident_1788556949_STALLED_CAR.jpg
2026-09-04 21:22:38,ESP32-CAM-01,DANGER,STALLED CAR,LANE_1,2.57,CLOSE,incident_1788556958_STALLED_CAR.jpg
2026-09-04 21:22:41,ESP32-CAM-01,DANGER,STALLED CAR,LANE_1,2.73,CLOSE,incident_1788556961_STALLED_CAR.jpg
2026-09-04 21:22:45,ESP32-CAM-01,DANGER,STALLED CAR,LANE_1,2.87,CLOSE,incident_1788556965_STALLED_CAR.jpg
2026-09-04 21:22:54,ESP32-CAM-01,DANGER,STALLED CAR,LANE_1,2.5,CLOSE,incident_1788556974_STALLED_CAR.jpg
2026-09-04 21:22:58,ESP32-CAM-01,DANGER,STALLED CAR,LANE_1,2.63,CLOSE,incident_1788556978_STALLED_CAR.jpg
2026-09-04 21:23:02,ESP32-CAM-01,DANGER,STALLED CAR,LANE_1,2.5,CLOSE,incident_1788556982_STALLED_CAR.jpg
2026-09-04 21:23:07,ESP32-CAM-01,DANGER,STALLED CAR,LANE_1,3.87,CLOSE,incident_1788556987_STALLED_CAR.jpg
2026-09-04 21:23:11,ESP32-CAM-01,DANGER,STALLED CAR,LANE_1,3.23,CLOSE,incident_1788556991_STALLED_CAR.jpg
2026-09-04 21:23:15,ESP32-CAM-01,DANGER,STALLED CAR,LANE_1,4.03,CLOSE,incident_1788556995_STALLED_CAR.jpg
2026-09-04 21:23:18,ESP32-CAM-01,DANGER,STALLED CAR,LANE_1,4.57,CLOSE,incident_1788556998_STALLED_CAR.jpg
2026-09-04 21:23:30,ESP32-CAM-01,DANGER,STALLED CAR,LANE_1,3.6,FAR,incident_1788557010_STALLED_CAR.jpg
2026-09-04 21:23:33,ESP32-CAM-01,DANGER,STALLED CAR,LANE_1,3.73,FAR,incident_1788557013_STALLED_CAR.jpg
2026-09-04 21:23:36,ESP32-CAM-01,DANGER,STALLED CAR,LANE_1,3.9,FAR,incident_1788557016_STALLED_CAR.jpg
2026-09-04 21:23:39,ESP32-CAM-01,DANGER,STALLED CAR,LANE_1,4.53,FAR,incident_1788557019_STALLED_CAR.jpg
2026-09-04 21:23:47,ESP32-CAM-01,DANGER,STALLED CAR,LANE_1,2.5,CLOSE,incident_1788557027_STALLED_CAR.jpg
2026-09-04 21:23:52,ESP32-CAM-01,DANGER,STALLED CAR,LANE_1,2.57,CLOSE,incident_1788557032_STALLED_CAR.jpg
2026-09-04 21:24:00,ESP32-CAM-01,DANGER,STALLED CAR,LANE_1,2.5,CLOSE,incident_1788557040_STALLED_CAR.jpg
2026-09-04 21:24:05,ESP32-CAM-01,DANGER,STALLED CAR,LANE_1,2.53,CLOSE,incident_1788557045_STALLED_CAR.jpg
2026-09-04 21:24:20,ESP32-CAM-01,DANGER,STALLED CAR,LANE_1,2.5,CLOSE,incident_1788557060_STALLED_CAR.jpg
2026-09-04 21:24:24,ESP32-CAM-01,DANGER,STALLED CAR,LANE_1,2.57,CLOSE,incident_1788557064_STALLED_CAR.jpg
2026-09-04 21:24:28,ESP32-CAM-01,DANGER,STALLED CAR,LANE_1,2.67,CLOSE,incident_1788557068_STALLED_CAR.jpg
2026-09-04 21:24:31,ESP32-CAM-01,DANGER,STALLED CAR,LANE_1,2.8,CLOSE,incident_1788557071_STALLED_CAR.jpg
2026-09-04 21:24:34,ESP32-CAM-01,DANGER,STALLED CAR,LANE_1,2.93,CLOSE,incident_1788557074_STALLED_CAR.jpg
2026-09-04 21:24:39,ESP32-CAM-01,DANGER,STALLED CAR,LANE_1,3.03,CLOSE,incident_1788557079_STALLED_CAR.jpg
2026-09-04 21:24:42,ESP32-CAM-01,DANGER,STALLED CAR,LANE_1,3.13,CLOSE,incident_1788557082_STALLED_CAR.jpg
2026-09-04 21:24:45,ESP32-CAM-01,DANGER,STALLED CAR,LANE_1,3.27,CLOSE,incident_1788557085_STALLED_CAR.jpg
2026-09-04 21:24:49,ESP32-CAM-01,DANGER,STALLED CAR,LANE_1,3.43,CLOSE,incident_1788557089_STALLED_CAR.jpg
2026-09-04 21:24:55,ESP32-CAM-01,DANGER,STALLED CAR,LANE_1,2.97,CLOSE,incident_1788557095_STALLED_CAR.jpg
2026-09-04 21:25:01,ESP32-CAM-01,DANGER,STALLED CAR,LANE_1,2.5,CLOSE,incident_1788557101_STALLED_CAR.jpg
2026-09-04 21:25:05,ESP32-CAM-01,DANGER,STALLED CAR,LANE_1,2.6,CLOSE,incident_1788557105_STALLED_CAR.jpg
2026-09-04 21:25:09,ESP32-CAM-01,DANGER,STALLED CAR,LANE_1,2.73,CLOSE,incident_1788557109_STALLED_CAR.jpg
2026-09-04 21:25:13,ESP32-CAM-01,DANGER,STALLED CAR,LANE_1,2.87,CLOSE,incident_1788557113_STALLED_CAR.jpg
2026-09-04 21:25:17,ESP32-CAM-01,DANGER,STALLED CAR,LANE_1,3.0,CLOSE,incident_1788557117_STALLED_CAR.jpg
2026-09-04 21:25:22,ESP32-CAM-01,DANGER,STALLED CAR,LANE_1,3.13,CLOSE,incident_1788557122_STALLED_CAR.jpg
2026-09-04 21:25:26,ESP32-CAM-01,DANGER,STALLED CAR,LANE_1,3.23,CLOSE,incident_1788557126_STALLED_CAR.jpg
2026-09-04 21:25:30,ESP32-CAM-01,DANGER,STALLED CAR,LANE_1,3.33,CLOSE,incident_1788557130_STALLED_CAR.jpg
2026-09-04 21:25:34,ESP32-CAM-01,DANGER,STALLED CAR,LANE_1,3.4,CLOSE,incident_1788557134_STALLED_CAR.jpg
2026-09-04 21:25:37,ESP32-CAM-01,DANGER,STALLED CAR,LANE_1,3.4,FAR,incident_1788557137_STALLED_CAR.jpg
2026-09-04 21:25:41,ESP32-CAM-01,DANGER,STALLED CAR,LANE_1,3.6,CLOSE,incident_1788557141_STALLED_CAR.jpg
2026-09-04 21:25:45,ESP32-CAM-01,DANGER,STALLED CAR,LANE_1,3.6,FAR,incident_1788557145_STALLED_CAR.jpg
2026-09-04 21:25:48,ESP32-CAM-01,DANGER,STALLED CAR,LANE_1,4.23,FAR,incident_1788557148_STALLED_CAR.jpg
2026-09-04 21:25:52,ESP32-CAM-01,DANGER,STALLED CAR,LANE_1,4.37,FAR,incident_1788557152_STALLED_CAR.jpg
2026-09-04 21:25:55,ESP32-CAM-01,DANGER,STALLED CAR,LANE_1,4.5,FAR,incident_1788557155_STALLED_CAR.jpg
2026-09-04 21:25:59,ESP32-CAM-01,DANGER,STALLED CAR,LANE_1,4.6,FAR,incident_1788557159_STALLED_CAR.jpg
2026-09-04 21:26:02,ESP32-CAM-01,DANGER,STALLED CAR,LANE_1,4.7,FAR,incident_1788557162_STALLED_CAR.jpg
2026-09-04 21:26:05,ESP32-CAM-01,DANGER,STALLED CAR,LANE_1,4.77,FAR,incident_1788557165_STALLED_CAR.jpg
2026-09-04 21:26:08,ESP32-CAM-01,DANGER,STALLED CAR,LANE_1,4.87,FAR,incident_1788557168_STALLED_CAR.jpg
2026-09-04 21:26:12,ESP32-CAM-01,DANGER,STALLED CAR,LANE_1,4.97,FAR,incident_1788557172_STALLED_CAR.jpg
2026-09-04 21:26:16,ESP32-CAM-01,DANGER,STALLED CAR,LANE_1,5.1,FAR,incident_1788557176_STALLED_CAR.jpg
2026-09-04 21:26:19,ESP32-CAM-01,DANGER,STALLED CAR,LANE_1,5.23,FAR,incident_1788557179_STALLED_CAR.jpg
2026-09-04 21:26:22,ESP32-CAM-01,DANGER,STALLED CAR,LANE_1,5.37,FAR,incident_1788557182_STALLED_CAR.jpg
2026-09-04 21:26:25,ESP32-CAM-01,DANGER,STALLED CAR,LANE_1,5.5,FAR,incident_1788557185_STALLED_CAR.jpg
2026-09-04 21:26:31,ESP32-CAM-01,DANGER,STALLED CAR,LANE_1,5.63,FAR,incident_1788557191_STALLED_CAR.jpg
2026-09-04 21:26:34,ESP32-CAM-01,DANGER,STALLED CAR,LANE_1,5.7,FAR,incident_1788557194_STALLED_CAR.jpg
2026-09-04 21:26:37,ESP32-CAM-01,DANGER,STALLED CAR,LANE_1,5.77,FAR,incident_1788557197_STALLED_CAR.jpg
2026-09-04 21:26:41,ESP32-CAM-01,DANGER,STALLED CAR,LANE_1,5.9,FAR,incident_1788557201_STALLED_CAR.jpg
2026-09-04 21:26:44,ESP32-CAM-01,DANGER,STALLED CAR,LANE_1,5.97,FAR,incident_1788557204_STALLED_CAR.jpg
2026-09-04 21:26:48,ESP32-CAM-01,DANGER,STALLED CAR,LANE_1,6.1,FAR,incident_1788557208_STALLED_CAR.jpg
2026-09-04 21:26:51,ESP32-CAM-01,DANGER,STALLED CAR,LANE_1,6.23,FAR,incident_1788557211_STALLED_CAR.jpg
2026-09-04 21:26:54,ESP32-CAM-01,DANGER,STALLED CAR,LANE_1,6.3,FAR,incident_1788557214_STALLED_CAR.jpg
2026-09-04 21:27:00,ESP32-CAM-01,DANGER,STALLED CAR,LANE_1,6.37,FAR,incident_1788557220_STALLED_CAR.jpg
2026-09-04 21:27:04,ESP32-CAM-01,DANGER,STALLED CAR,LANE_1,6.43,FAR,incident_1788557224_STALLED_CAR.jpg
2026-09-04 21:27:26,ESP32-CAM-01,DANGER,STALLED CAR,LANE_1,6.5,FAR,incident_1788557246_STALLED_CAR.jpg
2026-09-04 21:27:29,ESP32-CAM-01,DANGER,STALLED CAR,LANE_1,6.6,FAR,incident_1788557249_STALLED_CAR.jpg
2026-09-04 21:27:33,ESP32-CAM-01,DANGER,STALLED CAR,LANE_1,6.67,FAR,incident_1788557253_STALLED_CAR.jpg
2026-09-04 21:27:40,ESP32-CAM-01,DANGER,STALLED CAR,LANE_1,6.7,FAR,incident_1788557260_STALLED_CAR.jpg
2026-09-04 21:27:43,ESP32-CAM-01,DANGER,STALLED CAR,LANE_1,6.8,FAR,incident_1788557263_STALLED_CAR.jpg
2026-09-04 21:27:46,ESP32-CAM-01,DANGER,STALLED CAR,LANE_1,6.93,FAR,incident_1788557266_STALLED_CAR.jpg
2026-09-04 21:27:50,ESP32-CAM-01,DANGER,STALLED CAR,LANE_1,7.0,FAR,incident_1788557270_STALLED_CAR.jpg
2026-09-04 21:27:55,ESP32-CAM-01,DANGER,STALLED CAR,LANE_1,7.1,FAR,incident_1788557275_STALLED_CAR.jpg
2026-09-04 21:27:59,ESP32-CAM-01,DANGER,STALLED CAR,LANE_1,7.17,FAR,incident_1788557279_STALLED_CAR.jpg
2026-09-04 21:28:03,ESP32-CAM-01,DANGER,STALLED CAR,LANE_1,7.23,FAR,incident_1788557283_STALLED_CAR.jpg
2026-09-04 21:28:13,ESP32-CAM-01,DANGER,STALLED CAR,LANE_1,7.3,FAR,incident_1788557293_STALLED_CAR.jpg
2026-09-04 21:28:16,ESP32-CAM-01,DANGER,STALLED CAR,LANE_1,7.43,FAR,incident_1788557296_STALLED_CAR.jpg
2026-09-04 21:28:20,ESP32-CAM-01,DANGER,STALLED CAR,LANE_1,7.5,FAR,incident_1788557300_STALLED_CAR.jpg
2026-09-04 21:28:24,ESP32-CAM-01,DANGER,STALLED CAR,LANE_1,7.63,FAR,incident_1788557304_STALLED_CAR.jpg
2026-09-04 21:28:27,ESP32-CAM-01,DANGER,STALLED CAR,LANE_1,7.77,FAR,incident_1788557307_STALLED_CAR.jpg
2026-09-04 21:28:33,ESP32-CAM-01,DANGER,STALLED CAR,LANE_1,7.8,FAR,incident_1788557313_STALLED_CAR.jpg
2026-09-04 21:28:36,ESP32-CAM-01,DANGER,STALLED CAR,LANE_1,7.93,FAR,incident_1788557316_STALLED_CAR.jpg
2026-09-04 21:28:40,ESP32-CAM-01,DANGER,STALLED CAR,LANE_1,8.1,FAR,incident_1788557320_STALLED_CAR.jpg
2026-09-04 21:28:44,ESP32-CAM-01,DANGER,STALLED CAR,LANE_1,8.27,FAR,incident_1788557324_STALLED_CAR.jpg
2026-09-04 21:28:47,ESP32-CAM-01,DANGER,STALLED CAR,LANE_1,8.37,FAR,incident_1788557327_STALLED_CAR.jpg
2026-09-04 21:28:51,ESP32-CAM-01,DANGER,STALLED CAR,LANE_1,8.47,FAR,incident_1788557331_STALLED_CAR.jpg
2026-09-04 21:28:54,ESP32-CAM-01,DANGER,STALLED CAR,LANE_1,8.5,FAR,incident_1788557334_STALLED_CAR.jpg
2026-09-04 21:29:10,ESP32-CAM-01,DANGER,STALLED CAR,LANE_1,8.57,FAR,incident_1788557350_STALLED_CAR.jpg
2026-09-04 21:29:17,ESP32-CAM-01,DANGER,STALLED CAR,LANE_1,8.6,FAR,incident_1788557357_STALLED_CAR.jpg
2026-09-04 21:29:32,ESP32-CAM-01,DANGER,STALLED CAR,LANE_1,8.63,FAR,incident_1788557372_STALLED_CAR.jpg
2026-09-04 21:29:36,ESP32-CAM-01,DANGER,STALLED CAR,LANE_1,8.73,FAR,incident_1788557376_STALLED_CAR.jpg
2026-09-04 21:29:40,ESP32-CAM-01,DANGER,STALLED CAR,LANE_1,8.87,FAR,incident_1788557380_STALLED_CAR.jpg
2026-09-04 21:29:43,ESP32-CAM-01,DANGER,STALLED CAR,LANE_1,8.93,FAR,incident_1788557383_STALLED_CAR.jpg
2026-09-04 21:29:48,ESP32-CAM-01,DANGER,STALLED CAR,LANE_1,9.0,FAR,incident_1788557388_STALLED_CAR.jpg
2026-09-04 21:29:52,ESP32-CAM-01,DANGER,STALLED CAR,LANE_1,9.13,FAR,incident_1788557392_STALLED_CAR.jpg
2026-09-04 21:29:55,ESP32-CAM-01,DANGER,STALLED CAR,LANE_1,9.3,FAR,incident_1788557395_STALLED_CAR.jpg
2026-09-04 21:29:59,ESP32-CAM-01,DANGER,STALLED CAR,LANE_1,9.47,FAR,incident_1788557399_STALLED_CAR.jpg
2026-09-04 21:30:02,ESP32-CAM-01,DANGER,STALLED CAR,LANE_1,9.63,FAR,incident_1788557402_STALLED_CAR.jpg
2026-09-04 21:30:06,ESP32-CAM-01,DANGER,STALLED CAR,LANE_1,9.8,FAR,incident_1788557406_STALLED_CAR.jpg
2026-09-04 21:30:09,ESP32-CAM-01,DANGER,STALLED CAR,LANE_1,9.9,FAR,incident_1788557409_STALLED_CAR.jpg
2026-09-04 21:30:23,ESP32-CAM-01,DANGER,STALLED CAR,LANE_1,2.5,CLOSE,incident_1788557423_STALLED_CAR.jpg
2026-09-04 21:30:26,ESP32-CAM-01,DANGER,STALLED CAR,LANE_1,2.63,CLOSE,incident_1788557426_STALLED_CAR.jpg
2026-09-04 21:30:30,ESP32-CAM-01,DANGER,STALLED CAR,LANE_1,2.73,CLOSE,incident_1788557430_STALLED_CAR.jpg
2026-09-04 21:30:34,ESP32-CAM-01,DANGER,STALLED CAR,LANE_1,2.9,CLOSE,incident_1788557434_STALLED_CAR.jpg
2026-09-04 21:30:38,ESP32-CAM-01,DANGER,STALLED CAR,LANE_1,3.03,CLOSE,incident_1788557438_STALLED_CAR.jpg
2026-09-04 21:30:47,ESP32-CAM-01,DANGER,STALLED CAR,LANE_1,3.37,FAR,incident_1788557447_STALLED_CAR.jpg
2026-09-04 21:30:51,ESP32-CAM-01,DANGER,STALLED CAR,LANE_1,2.73,CLOSE,incident_1788557451_STALLED_CAR.jpg
2026-09-04 21:30:55,ESP32-CAM-01,DANGER,STALLED CAR,LANE_1,4.57,CLOSE,incident_1788557455_STALLED_CAR.jpg
2026-09-04 21:31:00,ESP32-CAM-01,DANGER,STALLED CAR,LANE_1,2.5,CLOSE,incident_1788557460_STALLED_CAR.jpg
2026-09-04 21:31:04,ESP32-CAM-01,DANGER,STALLED CAR,LANE_1,2.63,CLOSE,incident_1788557464_STALLED_CAR.jpg
2026-09-04 21:31:08,ESP32-CAM-01,DANGER,STALLED CAR,LANE_1,2.8,CLOSE,incident_1788557468_STALLED_CAR.jpg
2026-09-04 21:31:11,ESP32-CAM-01,DANGER,STALLED CAR,LANE_1,3.23,CLOSE,incident_1788557471_STALLED_CAR.jpg
2026-09-04 21:31:17,ESP32-CAM-01,DANGER,STALLED CAR,LANE_1,2.53,CLOSE,incident_1788557477_STALLED_CAR.jpg
2026-09-04 21:31:23,ESP32-CAM-01,DANGER,STALLED CAR,LANE_1,2.53,FAR,incident_1788557483_STALLED_CAR.jpg
2026-09-04 21:31:27,ESP32-CAM-01,DANGER,STALLED CAR,LANE_1,2.67,FAR,incident_1788557487_STALLED_CAR.jpg
2026-09-04 21:31:30,ESP32-CAM-01,DANGER,STALLED CAR,LANE_1,2.8,FAR,incident_1788557490_STALLED_CAR.jpg
2026-09-04 21:31:33,ESP32-CAM-01,DANGER,STALLED CAR,LANE_1,2.87,FAR,incident_1788557493_STALLED_CAR.jpg
2026-09-04 21:31:36,ESP32-CAM-01,DANGER,STALLED CAR,LANE_1,2.93,FAR,incident_1788557496_STALLED_CAR.jpg
2026-09-04 21:31:40,ESP32-CAM-01,DANGER,STALLED CAR,LANE_1,3.07,CLOSE,incident_1788557500_STALLED_CAR.jpg
2026-09-04 21:31:43,ESP32-CAM-01,DANGER,STALLED CAR,LANE_1,3.53,FAR,incident_1788557503_STALLED_CAR.jpg
2026-09-04 21:31:47,ESP32-CAM-01,DANGER,STALLED CAR,LANE_1,3.63,FAR,incident_1788557507_STALLED_CAR.jpg
2026-09-04 21:31:53,ESP32-CAM-01,DANGER,STALLED CAR,LANE_1,3.77,FAR,incident_1788557513_STALLED_CAR.jpg
2026-09-04 21:31:56,ESP32-CAM-01,DANGER,STALLED CAR,LANE_1,3.83,FAR,incident_1788557516_STALLED_CAR.jpg
2026-09-04 21:32:00,ESP32-CAM-01,DANGER,STALLED CAR,LANE_1,4.0,FAR,incident_1788557520_STALLED_CAR.jpg
2026-09-04 21:32:03,ESP32-CAM-01,DANGER,STALLED CAR,LANE_1,4.1,FAR,incident_1788557523_STALLED_CAR.jpg
2026-09-04 21:32:06,ESP32-CAM-01,DANGER,STALLED CAR,LANE_1,4.2,FAR,incident_1788557526_STALLED_CAR.jpg
2026-09-04 21:32:10,ESP32-CAM-01,DANGER,STALLED CAR,LANE_1,4.27,FAR,incident_1788557530_STALLED_CAR.jpg
2026-09-04 21:32:13,ESP32-CAM-01,DANGER,STALLED CAR,LANE_1,4.4,FAR,incident_1788557533_STALLED_CAR.jpg
2026-09-04 21:32:16,ESP32-CAM-01,DANGER,STALLED CAR,LANE_1,4.53,FAR,incident_1788557536_STALLED_CAR.jpg
2026-09-04 21:32:21,ESP32-CAM-01,DANGER,STALLED CAR,LANE_1,4.67,FAR,incident_1788557541_STALLED_CAR.jpg
2026-09-04 21:32:26,ESP32-CAM-01,DANGER,STALLED CAR,LANE_1,4.7,FAR,incident_1788557546_STALLED_CAR.jpg
2026-09-04 21:32:34,ESP32-CAM-01,DANGER,STALLED CAR,LANE_1,4.8,FAR,incident_1788557554_STALLED_CAR.jpg
2026-09-04 21:32:38,ESP32-CAM-01,DANGER,STALLED CAR,LANE_1,5.3,FAR,incident_1788557558_STALLED_CAR.jpg
2026-09-04 21:32:41,ESP32-CAM-01,DANGER,STALLED CAR,LANE_1,5.5,FAR,incident_1788557561_STALLED_CAR.jpg
2026-09-04 21:32:48,ESP32-CAM-01,DANGER,STALLED CAR,LANE_1,3.2,CLOSE,incident_1788557568_STALLED_CAR.jpg
2026-09-04 21:32:52,ESP32-CAM-01,DANGER,STALLED CAR,LANE_1,4.23,CLOSE,incident_1788557572_STALLED_CAR.jpg
2026-09-04 21:32:56,ESP32-CAM-01,DANGER,STALLED CAR,LANE_1,4.3,CLOSE,incident_1788557576_STALLED_CAR.jpg
2026-09-04 21:32:59,ESP32-CAM-01,DANGER,STALLED CAR,LANE_1,4.43,CLOSE,incident_1788557579_STALLED_CAR.jpg
2026-09-04 21:33:02,ESP32-CAM-01,DANGER,STALLED CAR,LANE_1,4.53,CLOSE,incident_1788557582_STALLED_CAR.jpg
2026-09-04 21:33:06,ESP32-CAM-01,DANGER,STALLED CAR,LANE_1,4.7,CLOSE,incident_1788557586_STALLED_CAR.jpg
2026-09-04 21:33:09,ESP32-CAM-01,DANGER,STALLED CAR,LANE_1,4.93,CLOSE,incident_1788557589_STALLED_CAR.jpg
2026-09-04 21:33:12,ESP32-CAM-01,DANGER,STALLED CAR,LANE_1,5.1,CLOSE,incident_1788557592_STALLED_CAR.jpg
2026-09-04 21:33:16,ESP32-CAM-01,DANGER,STALLED CAR,LANE_1,5.23,CLOSE,incident_1788557596_STALLED_CAR.jpg
2026-09-04 21:33:20,ESP32-CAM-01,DANGER,STALLED CAR,LANE_1,5.37,CLOSE,incident_1788557600_STALLED_CAR.jpg
2026-09-04 21:33:23,ESP32-CAM-01,DANGER,STALLED CAR,LANE_1,5.5,CLOSE,incident_1788557603_STALLED_CAR.jpg
2026-09-04 21:33:26,ESP32-CAM-01,DANGER,STALLED CAR,LANE_1,5.63,CLOSE,incident_1788557606_STALLED_CAR.jpg
2026-09-04 21:33:30,ESP32-CAM-01,DANGER,STALLED CAR,LANE_1,5.73,CLOSE,incident_1788557610_STALLED_CAR.jpg
2026-09-04 21:33:33,ESP32-CAM-01,DANGER,STALLED CAR,LANE_1,5.83,CLOSE,incident_1788557613_STALLED_CAR.jpg
2026-09-04 21:33:45,ESP32-CAM-01,DANGER,STALLED CAR,LANE_1,2.5,CLOSE,incident_1788557625_STALLED_CAR.jpg
2026-09-04 21:34:02,ESP32-CAM-01,DANGER,STALLED CAR,LANE_1,2.53,CLOSE,incident_1788557642_STALLED_CAR.jpg
2026-09-04 21:34:18,ESP32-CAM-01,DANGER,STALLED CAR,LANE_1,2.5,FAR,incident_1788557658_STALLED_CAR.jpg
2026-09-04 21:34:51,ESP32-CAM-01,DANGER,STALLED CAR,LANE_1,2.5,CLOSE,incident_1788557691_STALLED_CAR.jpg
2026-09-04 21:34:55,ESP32-CAM-01,DANGER,STALLED CAR,LANE_1,2.67,CLOSE,incident_1788557695_STALLED_CAR.jpg
2026-09-04 21:34:59,ESP32-CAM-01,DANGER,STALLED CAR,LANE_1,2.8,CLOSE,incident_1788557699_STALLED_CAR.jpg
2026-09-04 21:35:08,ESP32-CAM-01,DANGER,STALLED CAR,LANE_1,2.5,FAR,incident_1788557708_STALLED_CAR.jpg
2026-09-04 21:35:12,ESP32-CAM-01,DANGER,STALLED CAR,LANE_1,2.67,FAR,incident_1788557712_STALLED_CAR.jpg
2026-09-04 21:35:16,ESP32-CAM-01,DANGER,STALLED CAR,LANE_1,2.73,FAR,incident_1788557716_STALLED_CAR.jpg
2026-09-04 21:35:19,ESP32-CAM-01,DANGER,STALLED CAR,LANE_1,2.9,FAR,incident_1788557719_STALLED_CAR.jpg
2026-09-04 21:35:22,ESP32-CAM-01,DANGER,STALLED CAR,LANE_1,3.37,FAR,incident_1788557722_STALLED_CAR.jpg
2026-09-04 21:35:25,ESP32-CAM-01,DANGER,STALLED CAR,LANE_1,3.47,FAR,incident_1788557725_STALLED_CAR.jpg
2026-09-04 21:35:29,ESP32-CAM-01,DANGER,STALLED CAR,LANE_1,3.63,FAR,incident_1788557729_STALLED_CAR.jpg
2026-09-04 21:35:32,ESP32-CAM-01,DANGER,STALLED CAR,LANE_1,3.87,FAR,incident_1788557732_STALLED_CAR.jpg
2026-09-04 21:35:36,ESP32-CAM-01,DANGER,STALLED CAR,LANE_1,4.07,FAR,incident_1788557736_STALLED_CAR.jpg
2026-09-04 21:35:40,ESP32-CAM-01,DANGER,STALLED CAR,LANE_1,4.33,FAR,incident_1788557740_STALLED_CAR.jpg
2026-09-04 21:35:43,ESP32-CAM-01,DANGER,STALLED CAR,LANE_1,4.53,FAR,incident_1788557743_STALLED_CAR.jpg
2026-09-04 21:35:47,ESP32-CAM-01,DANGER,STALLED CAR,LANE_1,4.77,FAR,incident_1788557747_STALLED_CAR.jpg
2026-09-04 21:35:51,ESP32-CAM-01,DANGER,STALLED CAR,LANE_1,6.17,FAR,incident_1788557751_STALLED_CAR.jpg
2026-09-04 21:35:55,ESP32-CAM-01,DANGER,STALLED CAR,LANE_1,2.63,CLOSE,incident_1788557755_STALLED_CAR.jpg
2026-09-04 21:35:58,ESP32-CAM-01,DANGER,STALLED CAR,LANE_1,6.4,CLOSE,incident_1788557758_STALLED_CAR.jpg
2026-09-04 21:36:01,ESP32-CAM-01,DANGER,STALLED CAR,LANE_1,2.9,CLOSE,incident_1788557761_STALLED_CAR.jpg
2026-09-04 21:36:05,ESP32-CAM-01,DANGER,STALLED CAR,LANE_1,3.07,CLOSE,incident_1788557765_STALLED_CAR.jpg
2026-09-04 21:36:09,ESP32-CAM-01,DANGER,STALLED CAR,LANE_1,3.2,CLOSE,incident_1788557769_STALLED_CAR.jpg
2026-09-04 21:36:13,ESP32-CAM-01,DANGER,STALLED CAR,LANE_1,3.37,CLOSE,incident_1788557773_STALLED_CAR.jpg
2026-09-04 21:36:16,ESP32-CAM-01,DANGER,STALLED CAR,LANE_1,3.53,CLOSE,incident_1788557776_STALLED_CAR.jpg
2026-09-04 21:36:20,ESP32-CAM-01,DANGER,STALLED CAR,LANE_1,3.7,CLOSE,incident_1788557780_STALLED_CAR.jpg
2026-09-04 21:36:24,ESP32-CAM-01,DANGER,STALLED CAR,LANE_1,3.87,CLOSE,incident_1788557784_STALLED_CAR.jpg
2026-09-04 21:36:27,ESP32-CAM-01,DANGER,STALLED CAR,LANE_1,4.03,CLOSE,incident_1788557787_STALLED_CAR.jpg
2026-09-04 21:36:30,ESP32-CAM-01,DANGER,STALLED CAR,LANE_1,4.2,CLOSE,incident_1788557790_STALLED_CAR.jpg
2026-09-04 21:36:34,ESP32-CAM-01,DANGER,STALLED CAR,LANE_1,4.37,CLOSE,incident_1788557794_STALLED_CAR.jpg
2026-09-04 21:36:38,ESP32-CAM-01,DANGER,STALLED CAR,LANE_1,4.53,CLOSE,incident_1788557798_STALLED_CAR.jpg
2026-09-04 21:36:41,ESP32-CAM-01,DANGER,STALLED CAR,LANE_1,4.7,CLOSE,incident_1788557801_STALLED_CAR.jpg
